epoch,train_loss,train_acc,val_loss,val_acc,test_loss,test_acc,micro_precision,micro_recall,micro_f1,macro_precision,macro_recall,macro_f1,weighted_precision,weighted_recall,weighted_f1,num_adjs,epochs,hidden_dim,distance,learning_rate,threshold,bert_model,adj_type,num_edges
110,0.32226744294166565,0.8904109597206116,0.7521243691444397,0.7538461685180664,0.7307876348495483,0.7914110422134399,0.7914110429447853,0.7914110429447853,0.7914110429447851,0.7177009858828041,0.6631379585326953,0.6758163283526716,0.7831777288832503,0.7914110429447853,0.7757791947262186,3,500,300,cosine,0.001,0.99,yonatanlou/BEREL-finetuned-DSS-maskedLM,tfidf & trigram & BOW-n_gram,6594
83,0.41875362396240234,0.8784246444702148,0.7712481021881104,0.7230769395828247,0.8032143115997314,0.7668711543083191,0.7668711656441718,0.7668711656441718,0.7668711656441717,0.6622792227535311,0.6197793726741095,0.6173197727553129,0.7477574439430935,0.7668711656441718,0.738751432094456,2,500,300,cosine,0.001,0.99,yonatanlou/BEREL-finetuned-DSS-maskedLM,trigram & BOW-n_gram,6594
76,0.44985732436180115,0.8784246444702148,0.8699778914451599,0.7230769395828247,0.8312824368476868,0.7607361674308777,0.7607361963190185,0.7607361963190185,0.7607361963190185,0.6561692095783006,0.6114965443912813,0.6115413943523342,0.74006428132195,0.7607361963190185,0.7331139649303614,2,500,300,cosine,0.001,0.99,yonatanlou/BEREL-finetuned-DSS-maskedLM,tfidf & trigram,6594
96,0.31782886385917664,0.8869863152503967,0.8293906450271606,0.7230769395828247,0.8283783197402954,0.7607361674308777,0.7607361963190185,0.7607361963190185,0.7607361963190185,0.6973766132857043,0.6348653831548569,0.6452691628298177,0.7648831400365143,0.7607361963190185,0.7464488198299764,3,500,300,cosine,0.001,0.99,dicta-il/BEREL,tfidf & trigram & BOW-n_gram,6594
78,0.32689169049263,0.8886986374855042,0.7068629860877991,0.7538461685180664,0.8290345072746277,0.7607361674308777,0.7607361963190185,0.7607361963190185,0.7607361963190185,0.7043937123482578,0.6429089769879245,0.6481307291613034,0.7673461507817335,0.7607361963190185,0.7479895212659244,3,500,300,cosine,0.001,0.99,onlplab/alephbert-base,tfidf & trigram & BOW-n_gram,6594
72,0.47024738788604736,0.8732876777648926,0.8631023168563843,0.7230769395828247,0.836001455783844,0.754601240158081,0.754601226993865,0.754601226993865,0.754601226993865,0.6547298156389065,0.5963450292397662,0.5969920958706891,0.7363730747779828,0.754601226993865,0.7252513467381669,1,500,300,cosine,0.001,0.99,yonatanlou/BEREL-finetuned-DSS-maskedLM,trigram,6594
77,0.38967472314834595,0.8801369667053223,0.8465263247489929,0.7076923251152039,0.8925512433052063,0.7423312664031982,0.7423312883435583,0.7423312883435583,0.7423312883435583,0.6467368490095763,0.6002760689602795,0.5962353829214112,0.7260851282323676,0.7423312883435583,0.7145127203882331,2,500,300,cosine,0.001,0.99,dicta-il/BEREL,trigram & BOW-n_gram,6594
70,0.3703362047672272,0.8801369667053223,0.7593076825141907,0.7692307829856873,0.8701908588409424,0.7361963391304016,0.7361963190184049,0.7361963190184049,0.7361963190184049,0.6293666560712015,0.6032053618895724,0.5971477902589963,0.7355097101262745,0.7361963190184049,0.7208006808371286,2,500,300,cosine,0.001,0.99,onlplab/alephbert-base,tfidf & trigram,6594
69,0.4240891933441162,0.8801369667053223,0.9381744265556335,0.7076923251152039,0.911745011806488,0.7361963391304016,0.7361963190184049,0.7361963190184049,0.7361963190184049,0.5831615354342626,0.5838619275461382,0.5709508184911157,0.7005594609889089,0.7361963190184049,0.705810395293838,1,500,300,cosine,0.001,0.99,dicta-il/BEREL,trigram,6594
69,0.3731966018676758,0.8818492889404297,0.7208034992218018,0.7692307829856873,0.863602340221405,0.7300613522529602,0.7300613496932515,0.7300613496932515,0.7300613496932515,0.6146263050674816,0.5944241285030759,0.5897361922094543,0.722390060318606,0.7300613496932515,0.7152472642638648,2,500,300,cosine,0.001,0.99,onlplab/alephbert-base,trigram & BOW-n_gram,6594
69,0.3730887174606323,0.8801369667053223,0.7616199254989624,0.7692307829856873,0.8697484731674194,0.7300613522529602,0.7300613496932515,0.7300613496932515,0.7300613496932515,0.6233052931916568,0.5975235437077543,0.5921153353079177,0.7304613842190529,0.7300613496932515,0.7158704715669385,1,500,300,cosine,0.001,0.99,onlplab/alephbert-base,trigram,6594
68,0.4314349591732025,0.8767123222351074,0.9368014931678772,0.7076923251152039,0.9170968532562256,0.7300613522529602,0.7300613496932515,0.7300613496932515,0.7300613496932515,0.5715273363000636,0.5724982911825017,0.5576308051711025,0.693182890728903,0.7300613496932515,0.6979450500051799,2,500,300,cosine,0.001,0.99,dicta-il/BEREL,tfidf & trigram,6594
88,0.4585016369819641,0.8595890402793884,0.8493397235870361,0.7076923251152039,0.9407676458358765,0.7177914381027222,0.7177914110429447,0.7177914110429447,0.7177914110429446,0.643736728086298,0.6164859117490695,0.6134541589469014,0.7152421257213907,0.7177914110429447,0.7043990390641933,2,500,300,cosine,0.001,0.99,yonatanlou/BEREL-finetuned-DSS-maskedLM,tfidf & BOW-n_gram,6594
85,0.476072758436203,0.8613013625144958,0.855303943157196,0.7076923251152039,0.942546546459198,0.7116564512252808,0.7116564417177914,0.7116564417177914,0.7116564417177914,0.6366465959961659,0.6108040935672514,0.607830697441087,0.7069048597154131,0.7116564417177914,0.6980062979186554,1,500,300,cosine,0.001,0.99,yonatanlou/BEREL-finetuned-DSS-maskedLM,BOW-n_gram,6594
38,0.43969130516052246,0.8595890402793884,0.8552867770195007,0.7076923251152039,0.9746848344802856,0.7116564512252808,0.7116564417177914,0.7116564417177914,0.7116564417177914,0.6222189426734882,0.5609459254196096,0.5580072479354775,0.7136779716534318,0.7116564417177914,0.6870573157334539,2,500,300,cosine,0.001,0.99,yonatanlou/BEREL-finetuned-DSS-composition-classification,trigram & BOW-n_gram,6594
38,0.43815380334854126,0.8613013625144958,0.8734375834465027,0.7076923251152039,0.9791472554206848,0.7055214643478394,0.7055214723926381,0.7055214723926381,0.7055214723926381,0.6190614940614941,0.5558954203691046,0.5538014855957439,0.7098425432781261,0.7055214723926381,0.68194847559071,1,500,300,cosine,0.001,0.99,yonatanlou/BEREL-finetuned-DSS-composition-classification,trigram,6594
51,0.7985076308250427,0.7636986374855042,1.0817047357559204,0.6769230961799622,1.1720390319824219,0.699386477470398,0.6993865030674846,0.6993865030674846,0.6993865030674846,0.5793148518148518,0.5631928305612516,0.5535109880534157,0.6478793905481023,0.6993865030674846,0.6582929999284015,4,500,300,cosine,0.001,0.99,onlplab/alephbert-base,tfidf & starr & topic_modeling_lda & topic_modeling_nmf,6594
84,0.45140817761421204,0.8595890402793884,0.7402570843696594,0.7538461685180664,0.8298384547233582,0.699386477470398,0.6993865030674846,0.6993865030674846,0.6993865030674846,0.5638823297914208,0.5857938406622618,0.5710664301559418,0.6699439619685018,0.6993865030674846,0.680274586398239,1,500,300,cosine,0.001,0.99,yonatanlou/BEREL-finetuned-DSS-maskedLM,tfidf,6594
76,0.3553473651409149,0.8852739930152893,0.6778536438941956,0.7538461685180664,0.9011514186859131,0.6932515501976013,0.6932515337423313,0.6932515337423313,0.6932515337423313,0.5758452148439482,0.6005901116427432,0.5853711469599013,0.6754400867988021,0.6932515337423313,0.6809877194801897,1,500,300,cosine,0.001,0.99,onlplab/alephbert-base,tfidf,6594
37,0.4488429129123688,0.8561643958091736,0.8781643509864807,0.692307710647583,0.981022298336029,0.6932515501976013,0.6932515337423313,0.6932515337423313,0.6932515337423313,0.571028466483012,0.5313499658236501,0.5220369588122118,0.692517639143406,0.6932515337423313,0.6681433367850368,2,500,300,cosine,0.001,0.99,yonatanlou/BEREL-finetuned-DSS-composition-classification,tfidf & trigram,6594
83,0.39525529742240906,0.8767123222351074,0.7144417762756348,0.7846153974533081,1.023287296295166,0.6932515501976013,0.6932515337423313,0.6932515337423313,0.6932515337423313,0.7151295674022946,0.6366772993088783,0.6458632898012596,0.7254989386891227,0.6932515337423313,0.6900070034802956,1,500,300,cosine,0.001,0.99,onlplab/alephbert-base,BOW-n_gram,6594
49,0.39388296008110046,0.8681507110595703,0.7533670663833618,0.7538461685180664,0.9548418521881104,0.6871165633201599,0.6871165644171779,0.6871165644171779,0.6871165644171779,0.5633756395120032,0.5809520012151591,0.5584580605086414,0.6675404350250977,0.6871165644171779,0.6688714102755343,1,500,300,cosine,0.001,0.99,yonatanlou/BEREL-finetuned-DSS-composition-classification,tfidf,6594
82,0.3911210298538208,0.8801369667053223,0.7061018943786621,0.7846153974533081,1.0285699367523193,0.6871165633201599,0.6871165644171779,0.6871165644171779,0.6871165644171779,0.7094477492204764,0.6275863902179691,0.637210586295615,0.7185970981983252,0.6871165644171779,0.6829046737958657,2,500,300,cosine,0.001,0.99,onlplab/alephbert-base,tfidf & BOW-n_gram,6594
76,0.46507692337036133,0.8630136847496033,0.9387288093566895,0.692307710647583,1.0313141345977783,0.6871165633201599,0.6871165644171779,0.6871165644171779,0.6871165644171779,0.6129808497839189,0.5869507101086048,0.5812186386297058,0.6823257294382145,0.6871165644171779,0.6696336694336161,1,500,300,cosine,0.001,0.99,dicta-il/BEREL,BOW-n_gram,6594
52,0.7918864488601685,0.767123281955719,1.127516269683838,0.6615384817123413,1.1785131692886353,0.6748466491699219,0.6748466257668712,0.6748466257668712,0.6748466257668712,0.5791666666666666,0.5369387483861168,0.5351281059677605,0.6490425729689534,0.6748466257668712,0.6464122886091038,4,500,300,cosine,0.001,0.99,onlplab/alephbert-base,trigram & BOW-n_gram & topic_modeling_lda & topic_modeling_nmf,6594
56,0.7680060267448425,0.7808219194412231,1.127713680267334,0.6307692527770996,1.1746666431427002,0.6748466491699219,0.6748466257668712,0.6748466257668712,0.6748466257668712,0.5806391840482749,0.5387130705551758,0.5405359090793607,0.6493468869235741,0.6748466257668712,0.6500653952614214,4,500,300,cosine,0.001,0.99,onlplab/alephbert-base,tfidf & BOW-n_gram & topic_modeling_lda & topic_modeling_nmf,6594
38,0.42444196343421936,0.8544520735740662,0.8520236611366272,0.692307710647583,0.9457715749740601,0.6748466491699219,0.6748466257668712,0.6748466257668712,0.6748466257668712,0.5525098638735003,0.5348378522062732,0.5279301959027881,0.6388617857943011,0.6748466257668712,0.6472066921704033,3,500,300,cosine,0.001,0.99,yonatanlou/BEREL-finetuned-DSS-composition-classification,tfidf & trigram & BOW-n_gram,6594
77,0.4293200671672821,0.8595890402793884,0.7927210927009583,0.7538461685180664,0.8844842910766602,0.6748466491699219,0.6748466257668712,0.6748466257668712,0.6748466257668712,0.5118585959495051,0.5310782638414216,0.517475344948607,0.6590361581159128,0.6748466257668712,0.6624841768382007,1,500,300,cosine,0.001,0.99,dicta-il/BEREL,tfidf,6594
79,0.44985461235046387,0.8664383292198181,0.9306060075759888,0.7076923251152039,1.0284326076507568,0.6748466491699219,0.6748466257668712,0.6748466257668712,0.6748466257668712,0.6020344729284511,0.5768497000075947,0.5711156334362075,0.6703435398486628,0.6748466257668712,0.6581703142407049,2,500,300,cosine,0.001,0.99,dicta-il/BEREL,tfidf & BOW-n_gram,6594
51,0.7541012167930603,0.7859588861465454,1.086426854133606,0.6307692527770996,1.1796575784683228,0.6687116622924805,0.6687116564417178,0.6687116564417178,0.6687116564417178,0.5852769375990721,0.5331034024455078,0.5326268344342215,0.6491981270855638,0.6687116564417178,0.6401159597250229,4,500,300,cosine,0.001,0.99,onlplab/alephbert-base,tfidf & trigram & topic_modeling_lda & topic_modeling_nmf,6594
45,0.7792692184448242,0.7910959124565125,1.0731605291366577,0.7076923251152039,1.0986207723617554,0.6687116622924805,0.6687116564417178,0.6687116564417178,0.6687116564417178,0.5482376714194896,0.5283576365155312,0.5215178475041253,0.6351431390695195,0.6687116564417178,0.6365634763944753,4,500,300,cosine,0.001,0.99,onlplab/alephbert-base,tfidf & trigram & BOW-n_gram & topic_modeling_lda,6594
82,0.7243085503578186,0.7859588861465454,1.1450302600860596,0.6307692527770996,1.15326988697052,0.6687116622924805,0.6687116564417178,0.6687116564417178,0.6687116564417178,0.6005928330928332,0.5545697577276525,0.5579069581956104,0.6393477131820691,0.6687116564417178,0.6424151245035231,4,500,300,cosine,0.001,0.99,yonatanlou/BEREL-finetuned-DSS-maskedLM,tfidf & starr & topic_modeling_lda & topic_modeling_nmf,6594
34,0.5531060099601746,0.8287671208381653,1.000862956047058,0.692307710647583,1.134157657623291,0.6687116622924805,0.6687116564417178,0.6687116564417178,0.6687116564417178,0.5311452762923351,0.5317769803296118,0.5186870466057069,0.6516271240287842,0.6687116564417178,0.6517429795117881,1,500,300,cosine,0.001,0.99,yonatanlou/BEREL-finetuned-DSS-composition-classification,BOW-n_gram,6594
34,0.5501606464385986,0.8321917653083801,0.9883518218994141,0.692307710647583,1.1310940980911255,0.6687116622924805,0.6687116564417178,0.6687116564417178,0.6687116564417178,0.5311452762923351,0.5317769803296118,0.5186870466057069,0.6516271240287842,0.6687116564417178,0.6517429795117881,2,500,300,cosine,0.001,0.99,yonatanlou/BEREL-finetuned-DSS-composition-classification,tfidf & BOW-n_gram,6594
79,0.6993619203567505,0.7910959124565125,1.1278154850006104,0.6000000238418579,1.1456819772720337,0.6625766754150391,0.6625766871165644,0.6625766871165644,0.6625766871165644,0.5985364383091656,0.5532446646920332,0.5524187113581822,0.6407017488305832,0.6625766871165644,0.6366458259248952,4,500,300,cosine,0.001,0.99,yonatanlou/BEREL-finetuned-DSS-maskedLM,tfidf & trigram & topic_modeling_lda & topic_modeling_nmf,6594
79,0.7437694072723389,0.7808219194412231,1.1463431119918823,0.6153846383094788,1.1352581977844238,0.6625766754150391,0.6625766871165644,0.6625766871165644,0.6625766871165644,0.6279752493882929,0.5618557758031443,0.5673834692439343,0.6529788896086576,0.6625766871165644,0.6425860628171942,4,500,300,cosine,0.001,0.99,yonatanlou/BEREL-finetuned-DSS-maskedLM,tfidf & BOW-n_gram & topic_modeling_lda & topic_modeling_nmf,6594
82,0.7291938662528992,0.7825342416763306,1.138784646987915,0.6153846383094788,1.1297376155853271,0.6625766754150391,0.6625766871165644,0.6625766871165644,0.6625766871165644,0.6192323194299478,0.5528087263613579,0.5583583083583084,0.6461211846647964,0.6625766871165644,0.6390930133261421,4,500,300,cosine,0.001,0.99,yonatanlou/BEREL-finetuned-DSS-maskedLM,trigram & BOW-n_gram & topic_modeling_lda & topic_modeling_nmf,6594
74,0.6803944706916809,0.8150684833526611,1.1631202697753906,0.6307692527770996,1.0961973667144775,0.6625766754150391,0.6625766871165644,0.6625766871165644,0.6625766871165644,0.6186707945107155,0.5627360066833751,0.5673355538595788,0.6549593681562206,0.6625766871165644,0.6445728468631711,4,500,300,cosine,0.001,0.99,yonatanlou/BEREL-finetuned-DSS-maskedLM,tfidf & trigram & BOW-n_gram & topic_modeling_lda,6594
83,0.7698020935058594,0.7859588861465454,1.1883869171142578,0.6153846383094788,1.292402982711792,0.6564416885375977,0.656441717791411,0.656441717791411,0.656441717791411,0.5922159910796273,0.5645103288524341,0.5624424561669081,0.6390351809063465,0.656441717791411,0.6359065619697254,3,500,300,cosine,0.001,0.99,yonatanlou/BEREL-finetuned-DSS-maskedLM,BOW-n_gram & topic_modeling_lda & topic_modeling_nmf,6594
70,0.6481635570526123,0.8202054500579834,1.2443764209747314,0.6307692527770996,1.1603164672851562,0.6564416885375977,0.656441717791411,0.656441717791411,0.656441717791411,0.5230504508666565,0.5092547657021341,0.5005187111817323,0.6204832399751045,0.656441717791411,0.6272026173313133,4,500,300,cosine,0.001,0.99,dicta-il/BEREL,tfidf & trigram & BOW-n_gram & topic_modeling_lda,6594
75,0.6969595551490784,0.7962328791618347,1.22713041305542,0.6153846383094788,1.238016963005066,0.650306761264801,0.6503067484662577,0.6503067484662577,0.6503067484662577,0.5447493583857219,0.5069554568238779,0.5065284794949867,0.6087781906800313,0.6503067484662577,0.616677718292184,4,500,300,cosine,0.001,0.99,dicta-il/BEREL,tfidf & starr & topic_modeling_lda & topic_modeling_nmf,6594
71,0.8389477133750916,0.7534246444702148,1.2641425132751465,0.6000000238418579,1.25534188747406,0.6441717743873596,0.6441717791411042,0.6441717791411042,0.6441717791411042,0.5480325102360676,0.5044332421964001,0.5060773146199747,0.5999606234335496,0.6441717791411042,0.6078226665441931,4,500,300,cosine,0.001,0.99,yonatanlou/BEREL-finetuned-DSS-maskedLM,trigram & starr & topic_modeling_lda & topic_modeling_nmf,6594
51,0.8633133769035339,0.7585616707801819,1.1389516592025757,0.6615384817123413,1.3014873266220093,0.6380367875099182,0.6380368098159509,0.6380368098159509,0.6380368098159509,0.5230201616565252,0.4997226019594441,0.4978590391504868,0.596345372418992,0.6380368098159509,0.6059311933901091,3,500,300,cosine,0.001,0.99,onlplab/alephbert-base,BOW-n_gram & topic_modeling_lda & topic_modeling_nmf,6594
60,0.8768453598022461,0.7636986374855042,1.2733041048049927,0.6000000238418579,1.278497576713562,0.6380367875099182,0.6380368098159509,0.6380368098159509,0.6380368098159509,0.5158402631623976,0.48173255107465635,0.4817761498078822,0.5953796279296413,0.6380368098159509,0.6055757865110799,3,500,300,cosine,0.001,0.99,yonatanlou/BEREL-finetuned-DSS-maskedLM,trigram & topic_modeling_lda & topic_modeling_nmf,6594
83,0.690622091293335,0.8030821681022644,1.1632840633392334,0.6153846383094788,1.2173620462417603,0.6380367875099182,0.6380368098159509,0.6380368098159509,0.6380368098159509,0.5829349394566786,0.547200956937799,0.5512107211488224,0.6266928323743475,0.6380368098159509,0.6221449823522326,3,500,300,cosine,0.001,0.99,yonatanlou/BEREL-finetuned-DSS-maskedLM,tfidf & topic_modeling_lda & topic_modeling_nmf,6594
73,0.7106801271438599,0.7876712083816528,1.2357215881347656,0.6153846383094788,1.2197465896606445,0.6319018602371216,0.6319018404907976,0.6319018404907976,0.6319018404907976,0.5282187558817993,0.47461494645705166,0.4751893842591517,0.6115861055011494,0.6319018404907976,0.6058698261837083,4,500,300,cosine,0.001,0.99,dicta-il/BEREL,tfidf & BOW-n_gram & topic_modeling_lda & topic_modeling_nmf,6594
26,0.8418945074081421,0.7619863152503967,1.252783179283142,0.6000000238418579,1.261205792427063,0.6319018602371216,0.6319018404907976,0.6319018404907976,0.6319018404907976,0.4518398268398269,0.46248044353307516,0.445089770095351,0.587678936605317,0.6319018404907976,0.5982740417208878,4,500,300,cosine,0.001,0.99,yonatanlou/BEREL-finetuned-DSS-composition-classification,tfidf & trigram & BOW-n_gram & topic_modeling_lda,6594
50,0.783931314945221,0.7910959124565125,1.0903453826904297,0.6769230961799622,1.2248806953430176,0.6319018602371216,0.6319018404907976,0.6319018404907976,0.6319018404907976,0.5487671419489601,0.49914540138224356,0.5008696825377785,0.6141172733197273,0.6319018404907976,0.6058225574633722,3,500,300,cosine,0.001,0.99,onlplab/alephbert-base,tfidf & topic_modeling_lda & topic_modeling_nmf,6594
43,0.8970915079116821,0.7551369667053223,1.1740719079971313,0.6307692527770996,1.310761570930481,0.6257668733596802,0.6257668711656442,0.6257668711656442,0.6257668711656442,0.601026645768025,0.49068580542264756,0.4997540158993959,0.6213373527959947,0.6257668711656442,0.5909668743046838,3,500,300,cosine,0.001,0.99,onlplab/alephbert-base,trigram & topic_modeling_lda & topic_modeling_nmf,6594
51,0.8891530632972717,0.7311643958091736,1.1370519399642944,0.6615384817123413,1.2719281911849976,0.6257668733596802,0.6257668711656442,0.6257668711656442,0.6257668711656442,0.5400041036404674,0.4723103212576897,0.4718786720928202,0.6142932958883879,0.6257668711656442,0.5909445619243323,4,500,300,cosine,0.001,0.99,onlplab/alephbert-base,BOW-n_gram & starr & topic_modeling_lda & topic_modeling_nmf,6594
84,0.7485325336456299,0.7791095972061157,1.2704119682312012,0.6153846383094788,1.2654573917388916,0.6257668733596802,0.6257668711656442,0.6257668711656442,0.6257668711656442,0.5823599632690543,0.5361667426141111,0.5455147398962485,0.6063906407157941,0.6257668711656442,0.6049607604413964,3,500,300,cosine,0.001,0.99,yonatanlou/BEREL-finetuned-DSS-maskedLM,trigram & BOW-n_gram & topic_modeling_lda,6594
73,0.6982206702232361,0.7910959124565125,1.2188780307769775,0.6153846383094788,1.1976683139801025,0.6257668733596802,0.6257668711656442,0.6257668711656442,0.6257668711656442,0.5080424373606193,0.46266746411483256,0.4585588432262489,0.5988026629130923,0.6257668711656442,0.5966252299747735,4,500,300,cosine,0.001,0.99,dicta-il/BEREL,trigram & BOW-n_gram & topic_modeling_lda & topic_modeling_nmf,6594
82,0.792786180973053,0.7773972749710083,1.1748522520065308,0.6000000238418579,1.283127784729004,0.6257668733596802,0.6257668711656442,0.6257668711656442,0.6257668711656442,0.5563464229373319,0.5095794410268094,0.510851208412184,0.6079447092330528,0.6257668711656442,0.602557066854538,4,500,300,cosine,0.001,0.99,yonatanlou/BEREL-finetuned-DSS-maskedLM,BOW-n_gram & starr & topic_modeling_lda & topic_modeling_nmf,6594
76,0.7779470086097717,0.7431507110595703,1.1275153160095215,0.6461538672447205,1.2554519176483154,0.6196318864822388,0.6196319018404908,0.6196319018404908,0.6196319018404908,0.4995101279192188,0.4806814384445964,0.46917430853219316,0.5876707194191857,0.6196319018404908,0.5848709005087175,4,500,300,cosine,0.001,0.99,onlplab/alephbert-base,tfidf & trigram & BOW-n_gram & starr,6594
24,0.9131215810775757,0.7380136847496033,1.255751609802246,0.5846154093742371,1.3233819007873535,0.6196318864822388,0.6196319018404908,0.6196319018404908,0.6196319018404908,0.4930385901976811,0.4532765626186679,0.4423761088355133,0.6117194921642776,0.6196319018404908,0.5929192142092503,4,500,300,cosine,0.001,0.99,yonatanlou/BEREL-finetuned-DSS-composition-classification,tfidf & trigram & topic_modeling_lda & topic_modeling_nmf,6594
81,0.8379380702972412,0.7208904027938843,1.2088669538497925,0.6153846383094788,1.3247957229614258,0.6196318864822388,0.6196319018404908,0.6196319018404908,0.6196319018404908,0.5370947976778017,0.49024550011392126,0.4855332123771838,0.6065099915446676,0.6196319018404908,0.5919636545343957,4,500,300,cosine,0.001,0.99,onlplab/alephbert-base,tfidf & BOW-n_gram & starr & topic_modeling_nmf,6594
61,0.8420364856719971,0.7517123222351074,1.3464525938034058,0.5692307949066162,1.3083610534667969,0.6196318864822388,0.6196319018404908,0.6196319018404908,0.6196319018404908,0.5405974076428621,0.4712935748462064,0.47693038697267026,0.5811747727391899,0.6196319018404908,0.5839524673737829,4,500,300,cosine,0.001,0.99,dicta-il/BEREL,trigram & starr & topic_modeling_lda & topic_modeling_nmf,6594
52,0.8865658640861511,0.7636986374855042,1.332044243812561,0.6153846383094788,1.3460628986358643,0.6196318864822388,0.6196319018404908,0.6196319018404908,0.6196319018404908,0.5442689556819992,0.4502143616617301,0.46027669610205496,0.6008202268671727,0.6196319018404908,0.5856343312268402,3,500,300,cosine,0.001,0.99,dicta-il/BEREL,trigram & topic_modeling_lda & topic_modeling_nmf,6594
24,0.9458774924278259,0.732876718044281,1.2395864725112915,0.6000000238418579,1.3419713973999023,0.6134969592094421,0.6134969325153374,0.6134969325153374,0.6134969325153374,0.5158539944903582,0.48281537176274014,0.48091640682549774,0.5771853504368841,0.6134969325153374,0.5824128155416498,4,500,300,cosine,0.001,0.99,yonatanlou/BEREL-finetuned-DSS-composition-classification,tfidf & starr & topic_modeling_lda & topic_modeling_nmf,6594
71,0.7723100781440735,0.7825342416763306,1.265794038772583,0.6153846383094788,1.3573026657104492,0.6134969592094421,0.6134969325153374,0.6134969325153374,0.6134969325153374,0.5045067617202004,0.45699532923217134,0.45487190727738047,0.5919479750167933,0.6134969325153374,0.5882335580525017,3,500,300,cosine,0.001,0.99,dicta-il/BEREL,BOW-n_gram & topic_modeling_lda & topic_modeling_nmf,6594
70,0.7041236162185669,0.8030821681022644,1.2442870140075684,0.6153846383094788,1.2874375581741333,0.6134969592094421,0.6134969325153374,0.6134969325153374,0.6134969325153374,0.4928283837374746,0.45952722715880606,0.4561184480086329,0.5881333390535846,0.6134969325153374,0.5877151874791479,3,500,300,cosine,0.001,0.99,dicta-il/BEREL,tfidf & topic_modeling_lda & topic_modeling_nmf,6594
24,0.9644376039505005,0.715753436088562,1.3076335191726685,0.6000000238418579,1.3410433530807495,0.6134969592094421,0.6134969325153374,0.6134969325153374,0.6134969325153374,0.4272794005569125,0.4272731070099491,0.41433024769971216,0.5744667057550493,0.6134969325153374,0.5837068852815568,4,500,300,cosine,0.001,0.99,yonatanlou/BEREL-finetuned-DSS-composition-classification,tfidf & BOW-n_gram & topic_modeling_lda & topic_modeling_nmf,6594
75,0.8376868367195129,0.7568492889404297,1.273966670036316,0.6153846383094788,1.302133321762085,0.6134969592094421,0.6134969325153374,0.6134969325153374,0.6134969325153374,0.5413162594980776,0.4825303789777475,0.49061143621420306,0.599232209508283,0.6134969325153374,0.5905902372426779,3,500,300,cosine,0.001,0.99,yonatanlou/BEREL-finetuned-DSS-maskedLM,tfidf & trigram & topic_modeling_lda,6594
62,0.82938551902771,0.7277397513389587,1.433899164199829,0.6153846383094788,1.4144171476364136,0.6134969592094421,0.6134969325153374,0.6134969325153374,0.6134969325153374,0.4379185010164975,0.4336775651249335,0.4211371688011148,0.5709557315383236,0.6134969325153374,0.5798373718818552,4,500,300,cosine,0.001,0.99,dicta-il/BEREL,tfidf & trigram & BOW-n_gram & topic_modeling_nmf,6594
77,0.8259275555610657,0.7277397513389587,1.1970388889312744,0.6461538672447205,1.3047281503677368,0.6134969592094421,0.6134969325153374,0.6134969325153374,0.6134969325153374,0.496031376031376,0.45361073137388935,0.44933324251506074,0.5854966653432911,0.6134969325153374,0.5793711911810071,4,500,300,cosine,0.001,0.99,onlplab/alephbert-base,tfidf & trigram & starr & topic_modeling_nmf,6594
66,0.7006537318229675,0.7945205569267273,1.2221946716308594,0.5846154093742371,1.2193207740783691,0.6134969592094421,0.6134969325153374,0.6134969325153374,0.6134969325153374,0.49098704325977055,0.4485290878711932,0.44484228782288715,0.5903581081495192,0.6134969325153374,0.584021476528705,4,500,300,cosine,0.001,0.99,dicta-il/BEREL,tfidf & trigram & topic_modeling_lda & topic_modeling_nmf,6594
44,0.92833012342453,0.7226027250289917,1.1396044492721558,0.6615384817123413,1.2816678285598755,0.6073619723320007,0.6073619631901841,0.6073619631901841,0.6073619631901841,0.5228830140374368,0.4495108984582668,0.45624691233975573,0.5820952936192862,0.6073619631901841,0.5741035958631573,4,500,300,cosine,0.001,0.99,onlplab/alephbert-base,trigram & starr & topic_modeling_lda & topic_modeling_nmf,6594
43,0.9162157773971558,0.7482876777648926,1.1635100841522217,0.6461538672447205,1.2647271156311035,0.6073619723320007,0.6073619631901841,0.6073619631901841,0.6073619631901841,0.5889675980585071,0.4762311080732133,0.4902563597673037,0.60568037960676,0.6073619631901841,0.5743102535938218,3,500,300,cosine,0.001,0.99,onlplab/alephbert-base,trigram & BOW-n_gram & topic_modeling_lda,6594
36,0.7693324685096741,0.7791095972061157,1.2597733736038208,0.5846154093742371,1.315970540046692,0.6073619723320007,0.6073619631901841,0.6073619631901841,0.6073619631901841,0.3892896555940034,0.4173422191843244,0.40007134248620313,0.5541397879754775,0.6073619631901841,0.5769977330310859,3,500,300,cosine,0.001,0.99,yonatanlou/BEREL-finetuned-DSS-composition-classification,tfidf & topic_modeling_lda & topic_modeling_nmf,6594
52,0.8912733793258667,0.7585616707801819,1.346337914466858,0.6000000238418579,1.3387165069580078,0.6073619723320007,0.6073619631901841,0.6073619631901841,0.6073619631901841,0.5144503476321659,0.436145097592466,0.44490401613163755,0.5807190219460159,0.6073619631901841,0.576630886934811,3,500,300,cosine,0.001,0.99,dicta-il/BEREL,trigram & BOW-n_gram & topic_modeling_lda,6594
50,0.9044561386108398,0.7345890402793884,1.1904101371765137,0.6461538672447205,1.2723597288131714,0.6012269854545593,0.6012269938650306,0.6012269938650306,0.6012269938650306,0.519792382312354,0.45798188653451805,0.4659239059717528,0.5486976867910011,0.6012269938650306,0.559501444990628,4,500,300,cosine,0.001,0.99,onlplab/alephbert-base,trigram & BOW-n_gram & starr & topic_modeling_lda,6594
71,0.8654025197029114,0.7123287916183472,1.189975380897522,0.6307692527770996,1.3051222562789917,0.6012269854545593,0.6012269938650306,0.6012269938650306,0.6012269938650306,0.43788732311459583,0.4586798435482645,0.4359406788629869,0.5601305250078256,0.6012269938650306,0.5653387804744611,4,500,300,cosine,0.001,0.99,onlplab/alephbert-base,trigram & BOW-n_gram & starr & topic_modeling_nmf,6594
68,0.8604995012283325,0.7191780805587769,1.3362263441085815,0.6307692527770996,1.3703022003173828,0.6012269854545593,0.6012269938650306,0.6012269938650306,0.6012269938650306,0.42959289491421154,0.4232044125465178,0.4112796963040737,0.5571945771596712,0.6012269938650306,0.5667694514971245,4,500,300,cosine,0.001,0.99,yonatanlou/BEREL-finetuned-DSS-maskedLM,tfidf & trigram & BOW-n_gram & topic_modeling_nmf,6594
67,0.903197169303894,0.7380136847496033,1.2812939882278442,0.5846154093742371,1.3229280710220337,0.5950919985771179,0.5950920245398773,0.5950920245398773,0.5950920245398773,0.45416550295582553,0.4216771094402673,0.4171467249440585,0.535532918166997,0.5950920245398773,0.5476879728413496,4,500,300,cosine,0.001,0.99,yonatanlou/BEREL-finetuned-DSS-maskedLM,trigram & BOW-n_gram & starr & topic_modeling_lda,6594
71,0.8386602997779846,0.7140411138534546,1.2226215600967407,0.6153846383094788,1.2497282028198242,0.5950919985771179,0.5950920245398773,0.5950920245398773,0.5950920245398773,0.37162206480388293,0.41161881977671444,0.3863340972333345,0.5121105887977053,0.5950920245398773,0.5446793007288089,4,500,300,cosine,0.001,0.99,dicta-il/BEREL,tfidf & trigram & BOW-n_gram & starr,6594
53,0.9264724850654602,0.7294520735740662,1.357633352279663,0.6153846383094788,1.38852858543396,0.5950919985771179,0.5950920245398773,0.5950920245398773,0.5950920245398773,0.4561040683454477,0.41808954203691046,0.41684600620007317,0.5453481170828326,0.5950920245398773,0.5543866172216189,3,500,300,cosine,0.001,0.99,dicta-il/BEREL,tfidf & trigram & topic_modeling_lda,6594
22,1.001623511314392,0.6832191944122314,1.3934731483459473,0.5846154093742371,1.5154730081558228,0.5950919985771179,0.5950920245398773,0.5950920245398773,0.5950920245398773,0.42869441164895705,0.4199282296650718,0.401239797321033,0.5543250205826892,0.5950920245398773,0.5536175362160538,4,500,300,cosine,0.001,0.99,yonatanlou/BEREL-finetuned-DSS-composition-classification,tfidf & trigram & BOW-n_gram & topic_modeling_nmf,6594
76,0.8776547908782959,0.710616409778595,1.2305970191955566,0.6000000238418579,1.2922548055648804,0.5950919985771179,0.5950920245398773,0.5950920245398773,0.5950920245398773,0.3789502164502165,0.4111390217969166,0.38939308625594204,0.5277996883825105,0.5950920245398773,0.5534396090694577,4,500,300,cosine,0.001,0.99,dicta-il/BEREL,trigram & BOW-n_gram & starr & topic_modeling_nmf,6594
86,0.8801071047782898,0.7071917653083801,1.1885616779327393,0.5692307949066162,1.279260516166687,0.5950919985771179,0.5950920245398773,0.5950920245398773,0.5950920245398773,0.36710667278849096,0.39943381180223286,0.37675983564922666,0.5135315320898143,0.5950920245398773,0.5443418437652371,4,500,300,cosine,0.001,0.99,yonatanlou/BEREL-finetuned-DSS-maskedLM,tfidf & trigram & starr & topic_modeling_nmf,6594
80,0.9267023205757141,0.6952054500579834,1.2098160982131958,0.6000000238418579,1.3022253513336182,0.5889570713043213,0.588957055214724,0.588957055214724,0.588957055214724,0.3644739519739519,0.40159356725146195,0.3754876307224839,0.5117481416561172,0.588957055214724,0.5400462036095354,4,500,300,cosine,0.001,0.99,yonatanlou/BEREL-finetuned-DSS-maskedLM,tfidf & BOW-n_gram & starr & topic_modeling_nmf,6594
41,0.9295504093170166,0.715753436088562,1.2971287965774536,0.5846154093742371,1.4790472984313965,0.5889570713043213,0.588957055214724,0.588957055214724,0.588957055214724,0.43807679063360877,0.4540124933545986,0.43992497321444196,0.5431365030674846,0.588957055214724,0.557034535414427,4,500,300,cosine,0.001,0.99,onlplab/alephbert-base,tfidf & trigram & BOW-n_gram & topic_modeling_nmf,6594
82,0.8697153329849243,0.7089040875434875,1.255466341972351,0.5846154093742371,1.3065571784973145,0.5889570713043213,0.588957055214724,0.588957055214724,0.588957055214724,0.41829444588848974,0.4144284954811271,0.39894436903489267,0.5428612622128595,0.588957055214724,0.5502945643628154,4,500,300,cosine,0.001,0.99,dicta-il/BEREL,tfidf & BOW-n_gram & starr & topic_modeling_nmf,6594
23,1.0143309831619263,0.6900684833526611,1.2661279439926147,0.5846154093742371,1.4044463634490967,0.5889570713043213,0.588957055214724,0.588957055214724,0.588957055214724,0.4365791783973601,0.4365491379965064,0.4246266115725796,0.5422021741040146,0.588957055214724,0.556908376412696,4,500,300,cosine,0.001,0.99,yonatanlou/BEREL-finetuned-DSS-composition-classification,trigram & starr & topic_modeling_lda & topic_modeling_nmf,6594
75,0.8756730556488037,0.7345890402793884,1.2734121084213257,0.5846154093742371,1.3554071187973022,0.5828220844268799,0.5828220858895705,0.5828220858895705,0.5828220858895705,0.5022140643108385,0.43595807701070854,0.44520813794168385,0.5417433890222333,0.5828220858895705,0.5444215240959321,4,500,300,cosine,0.001,0.99,yonatanlou/BEREL-finetuned-DSS-maskedLM,tfidf & trigram & starr & topic_modeling_lda,6594
78,0.9157585501670837,0.6969178318977356,1.1746578216552734,0.6000000238418579,1.288530707359314,0.5828220844268799,0.5828220858895705,0.5828220858895705,0.5828220858895705,0.36578005328005325,0.3970697577276525,0.3747071776316723,0.5156200139328974,0.5828220858895705,0.540262942661127,4,500,300,cosine,0.001,0.99,yonatanlou/BEREL-finetuned-DSS-maskedLM,trigram & BOW-n_gram & starr & topic_modeling_nmf,6594
25,0.9361425042152405,0.7243150472640991,1.346468210220337,0.6153846383094788,1.3374438285827637,0.5828220844268799,0.5828220858895705,0.5828220858895705,0.5828220858895705,0.32938858279767375,0.3807459937723095,0.34999590210233217,0.5184797876515669,0.5828220858895705,0.5443989672853955,4,500,300,cosine,0.001,0.99,yonatanlou/BEREL-finetuned-DSS-composition-classification,trigram & BOW-n_gram & topic_modeling_lda & topic_modeling_nmf,6594
44,0.9467228651046753,0.7311643958091736,1.1758530139923096,0.6461538672447205,1.308639645576477,0.5828220844268799,0.5828220858895705,0.5828220858895705,0.5828220858895705,0.5164414709869255,0.45187571200729093,0.4550691192666825,0.5671886849800961,0.5828220858895705,0.5499151343913296,3,500,300,cosine,0.001,0.99,onlplab/alephbert-base,tfidf & trigram & topic_modeling_lda,6594
64,0.9795601963996887,0.6849315166473389,1.3787200450897217,0.5230769515037537,1.3931032419204712,0.5828220844268799,0.5828220858895705,0.5828220858895705,0.5828220858895705,0.3753545791668959,0.3996996278575225,0.3763815237176825,0.5152087249850955,0.5828220858895705,0.5332999941158529,3,500,300,cosine,0.001,0.99,dicta-il/BEREL,BOW-n_gram & starr & topic_modeling_nmf,6594
80,0.8506608009338379,0.7208904027938843,1.2415064573287964,0.5538461804389954,1.2963240146636963,0.5828220844268799,0.5828220858895705,0.5828220858895705,0.5828220858895705,0.3733932733932734,0.401543062200957,0.3801592002894768,0.5184212004764153,0.5828220858895705,0.5406807754500806,4,500,300,cosine,0.001,0.99,dicta-il/BEREL,tfidf & trigram & starr & topic_modeling_nmf,6594
77,0.8601900339126587,0.7123287916183472,1.1693507432937622,0.6153846383094788,1.2457023859024048,0.5828220844268799,0.5828220858895705,0.5828220858895705,0.5828220858895705,0.36350518168699986,0.3975495557074504,0.37517613754596296,0.5048800892359174,0.5828220858895705,0.5349008258655271,4,500,300,cosine,0.001,0.99,yonatanlou/BEREL-finetuned-DSS-maskedLM,tfidf & trigram & BOW-n_gram & starr,6594
35,0.9479374289512634,0.6883561611175537,1.2698942422866821,0.5538461804389954,1.3601034879684448,0.5828220844268799,0.5828220858895705,0.5828220858895705,0.5828220858895705,0.37102661830922695,0.40730063795853266,0.38184681748511534,0.516335125264173,0.5828220858895705,0.5397827531067317,3,500,300,cosine,0.001,0.99,yonatanlou/BEREL-finetuned-DSS-composition-classification,tfidf & starr & topic_modeling_nmf,6594
58,0.8912639617919922,0.75,1.373628854751587,0.5538461804389954,1.3639568090438843,0.5828220844268799,0.5828220858895705,0.5828220858895705,0.5828220858895705,0.5053821570279251,0.43601218956482113,0.4412892637467614,0.5377097492921483,0.5828220858895705,0.5415612467783751,4,500,300,cosine,0.001,0.99,dicta-il/BEREL,trigram & BOW-n_gram & starr & topic_modeling_lda,6594
64,0.9613744616508484,0.7020547986030579,1.4086723327636719,0.5230769515037537,1.369067668914795,0.5828220844268799,0.5828220858895705,0.5828220858895705,0.5828220858895705,0.3899866243126432,0.39262227538543326,0.38104040568799147,0.5220740228673378,0.5828220858895705,0.5374619720280446,3,500,300,cosine,0.001,0.99,dicta-il/BEREL,trigram & starr & topic_modeling_nmf,6594
72,0.7834056615829468,0.784246563911438,1.255677342414856,0.6000000238418579,1.3508700132369995,0.5828220844268799,0.5828220858895705,0.5828220858895705,0.5828220858895705,0.44942768584072934,0.4205204298625351,0.41839809638075426,0.545851201346,0.5828220858895705,0.5545575066520494,4,500,300,cosine,0.001,0.99,dicta-il/BEREL,BOW-n_gram & starr & topic_modeling_lda & topic_modeling_nmf,6594
35,0.921499490737915,0.693493127822876,1.2196444272994995,0.5692307949066162,1.311211109161377,0.5828220844268799,0.5828220858895705,0.5828220858895705,0.5828220858895705,0.35583212976050643,0.40211722488038276,0.3719976746679533,0.5038587110265995,0.5828220858895705,0.5334419818944691,4,500,300,cosine,0.001,0.99,yonatanlou/BEREL-finetuned-DSS-composition-classification,tfidf & trigram & starr & topic_modeling_nmf,6594
42,0.9020904302597046,0.6849315166473389,1.2489311695098877,0.5692307949066162,1.3234320878982544,0.5828220844268799,0.5828220858895705,0.5828220858895705,0.5828220858895705,0.4168669385072547,0.45372807017543865,0.42801724056166823,0.529982015998287,0.5828220858895705,0.547620731709867,4,500,300,cosine,0.001,0.99,yonatanlou/BEREL-finetuned-DSS-composition-classification,tfidf & BOW-n_gram & starr & topic_modeling_nmf,6594
71,0.9141949415206909,0.7003424763679504,1.3050570487976074,0.5692307949066162,1.3463547229766846,0.5766870975494385,0.5766871165644172,0.5766871165644172,0.5766871165644172,0.3672696701301717,0.396866028708134,0.3759330053484412,0.5007602265006539,0.5766871165644172,0.5288523085156573,3,500,300,cosine,0.001,0.99,dicta-il/BEREL,tfidf & starr & topic_modeling_nmf,6594
66,0.9356229305267334,0.6917808055877686,1.4265800714492798,0.5692307949066162,1.4725762605667114,0.5766870975494385,0.5766871165644172,0.5766871165644172,0.5766871165644172,0.4224701561065197,0.41582535885167465,0.40082456873478556,0.5364565904443204,0.5766871165644172,0.540808974708004,3,500,300,cosine,0.001,0.99,yonatanlou/BEREL-finetuned-DSS-maskedLM,trigram & BOW-n_gram & topic_modeling_nmf,6594
61,0.9749765396118164,0.7226027250289917,1.3733203411102295,0.6153846383094788,1.4220088720321655,0.5766870975494385,0.5766871165644172,0.5766871165644172,0.5766871165644172,0.4471172766627312,0.4229158122579175,0.4183707417056168,0.5338193503837676,0.5766871165644172,0.5361670277091695,2,500,300,cosine,0.001,0.99,yonatanlou/BEREL-finetuned-DSS-maskedLM,tfidf & topic_modeling_lda,6594
61,0.9749765396118164,0.7226027250289917,1.3733203411102295,0.6153846383094788,1.4220088720321655,0.5766870975494385,0.5766871165644172,0.5766871165644172,0.5766871165644172,0.4471172766627312,0.4229158122579175,0.4183707417056168,0.5338193503837676,0.5766871165644172,0.5361670277091695,2,500,300,cosine,0.001,0.99,yonatanlou/BEREL-finetuned-DSS-maskedLM,trigram & topic_modeling_lda,6594
61,0.9749765396118164,0.7226027250289917,1.3733203411102295,0.6153846383094788,1.4220088720321655,0.5766870975494385,0.5766871165644172,0.5766871165644172,0.5766871165644172,0.4471172766627312,0.4229158122579175,0.4183707417056168,0.5338193503837676,0.5766871165644172,0.5361670277091695,1,500,300,cosine,0.001,0.99,yonatanlou/BEREL-finetuned-DSS-maskedLM,topic_modeling_lda,6594
64,1.0226361751556396,0.693493127822876,1.3750731945037842,0.5846154093742371,1.434536099433899,0.5766870975494385,0.5766871165644172,0.5766871165644172,0.5766871165644172,0.3933744123260252,0.3799599377230956,0.3726027077497665,0.5131875924721758,0.5766871165644172,0.5270543554845251,3,500,300,cosine,0.001,0.99,yonatanlou/BEREL-finetuned-DSS-maskedLM,starr & topic_modeling_lda & topic_modeling_nmf,6594
61,0.9749765396118164,0.7226027250289917,1.3733203411102295,0.6153846383094788,1.4220088720321655,0.5766870975494385,0.5766871165644172,0.5766871165644172,0.5766871165644172,0.4471172766627312,0.4229158122579175,0.4183707417056168,0.5338193503837676,0.5766871165644172,0.5361670277091695,2,500,300,cosine,0.001,0.99,yonatanlou/BEREL-finetuned-DSS-maskedLM,BOW-n_gram & topic_modeling_lda,6594
67,0.9227461218833923,0.7294520735740662,1.3317303657531738,0.6153846383094788,1.362795352935791,0.5766870975494385,0.5766871165644172,0.5766871165644172,0.5766871165644172,0.4424807936171572,0.41633686488949645,0.4103092449864347,0.5308060265115478,0.5766871165644172,0.5351754792388499,3,500,300,cosine,0.001,0.99,yonatanlou/BEREL-finetuned-DSS-maskedLM,tfidf & BOW-n_gram & topic_modeling_lda,6594
43,0.8770262002944946,0.6969178318977356,1.2071782350540161,0.6000000238418579,1.299423098564148,0.5766870975494385,0.5766871165644172,0.5766871165644172,0.5766871165644172,0.36770195185760124,0.4086487050960735,0.37787936055780735,0.5188615336981338,0.5766871165644172,0.5359807821629012,4,500,300,cosine,0.001,0.99,yonatanlou/BEREL-finetuned-DSS-composition-classification,trigram & BOW-n_gram & starr & topic_modeling_nmf,6594
74,0.9185964465141296,0.7208904027938843,1.3073859214782715,0.5846154093742371,1.3877166509628296,0.5766870975494385,0.5766871165644172,0.5766871165644172,0.5766871165644172,0.4312423382956298,0.41962633857370696,0.41576067052927657,0.5173887626606052,0.5766871165644172,0.5371724435206852,4,500,300,cosine,0.001,0.99,yonatanlou/BEREL-finetuned-DSS-maskedLM,tfidf & BOW-n_gram & starr & topic_modeling_lda,6594
58,0.90812087059021,0.7345890402793884,1.3617700338363647,0.5846154093742371,1.397080659866333,0.5766870975494385,0.5766871165644172,0.5766871165644172,0.5766871165644172,0.504073199527745,0.433360674413306,0.4400838991391851,0.5308067528926425,0.5766871165644172,0.5352750679450394,4,500,300,cosine,0.001,0.99,dicta-il/BEREL,tfidf & trigram & starr & topic_modeling_lda,6594
44,0.9769639372825623,0.7277397513389587,1.2850438356399536,0.6307692527770996,1.3777694702148438,0.5766870975494385,0.5766871165644172,0.5766871165644172,0.5766871165644172,0.468120863810519,0.4508806106174527,0.44550454418875474,0.5190172296264955,0.5766871165644172,0.5366798471980907,3,500,300,cosine,0.001,0.99,onlplab/alephbert-base,tfidf & BOW-n_gram & topic_modeling_lda,6594
52,0.9644016623497009,0.7226027250289917,1.4305821657180786,0.6000000238418579,1.4386951923370361,0.5766870975494385,0.5766871165644172,0.5766871165644172,0.5766871165644172,0.45772850886487254,0.3971233006759322,0.3951730018082722,0.5392618969306086,0.5766871165644172,0.5298366586620759,3,500,300,cosine,0.001,0.99,dicta-il/BEREL,tfidf & BOW-n_gram & topic_modeling_lda,6594
43,0.8166126012802124,0.7089040875434875,1.1312919855117798,0.5846154093742371,1.2767934799194336,0.5766870975494385,0.5766871165644172,0.5766871165644172,0.5766871165644172,0.34682253483193914,0.3920830485304169,0.3597552492852239,0.5085575449865698,0.5766871165644172,0.5310382160274846,4,500,300,cosine,0.001,0.99,yonatanlou/BEREL-finetuned-DSS-composition-classification,tfidf & trigram & BOW-n_gram & starr,6594
23,1.1132391691207886,0.6438356041908264,1.3371703624725342,0.5384615659713745,1.4562515020370483,0.5766870975494385,0.5766871165644172,0.5766871165644172,0.5766871165644172,0.34810435776344867,0.39700956937799037,0.36387972212866965,0.4939446289906413,0.5766871165644172,0.5208673873584768,3,500,300,cosine,0.001,0.99,yonatanlou/BEREL-finetuned-DSS-composition-classification,BOW-n_gram & starr & topic_modeling_nmf,6594
50,0.9342293739318848,0.7243150472640991,1.1780890226364136,0.692307710647583,1.3440144062042236,0.5766870975494385,0.5766871165644172,0.5766871165644172,0.5766871165644172,0.4312240746018175,0.41796992481203005,0.414277551386709,0.5109748318813264,0.5766871165644172,0.533116642939352,4,500,300,cosine,0.001,0.99,onlplab/alephbert-base,tfidf & trigram & starr & topic_modeling_lda,6594
50,0.9759241342544556,0.7089040875434875,1.2261799573898315,0.6769230961799622,1.3910938501358032,0.5705521702766418,0.5705521472392638,0.5705521472392638,0.5705521472392638,0.43473187905789784,0.42031176425913264,0.4147596487801948,0.5076534945204291,0.5705521472392638,0.5261235030945757,4,500,300,cosine,0.001,0.99,onlplab/alephbert-base,tfidf & BOW-n_gram & starr & topic_modeling_lda,6594
51,0.9833847284317017,0.7294520735740662,1.4133946895599365,0.6153846383094788,1.4822953939437866,0.5705521702766418,0.5705521472392638,0.5705521472392638,0.5705521472392638,0.41254533182685676,0.39473095617832465,0.38817929435518367,0.5128033465753632,0.5705521472392638,0.5255433291109473,2,500,300,cosine,0.001,0.99,dicta-il/BEREL,trigram & topic_modeling_lda,6594
51,0.9833847284317017,0.7294520735740662,1.4133946895599365,0.6153846383094788,1.4822953939437866,0.5705521702766418,0.5705521472392638,0.5705521472392638,0.5705521472392638,0.41254533182685676,0.39473095617832465,0.38817929435518367,0.5128033465753632,0.5705521472392638,0.5255433291109473,2,500,300,cosine,0.001,0.99,dicta-il/BEREL,tfidf & topic_modeling_lda,6594
73,0.9616864323616028,0.698630154132843,1.262953758239746,0.5692307949066162,1.340766429901123,0.5705521702766418,0.5705521472392638,0.5705521472392638,0.5705521472392638,0.3556572085177101,0.3911842105263158,0.36713777981720563,0.49119721509715164,0.5705521472392638,0.5211135293150146,3,500,300,cosine,0.001,0.99,yonatanlou/BEREL-finetuned-DSS-maskedLM,tfidf & starr & topic_modeling_nmf,6594
25,1.0034420490264893,0.7123287916183472,1.3304592370986938,0.6153846383094788,1.4724246263504028,0.5705521702766418,0.5705521472392638,0.5705521472392638,0.5705521472392638,0.37034703575012967,0.38340415432520697,0.363565900460778,0.5246204939120752,0.5705521472392638,0.5372510982987915,3,500,300,cosine,0.001,0.99,yonatanlou/BEREL-finetuned-DSS-composition-classification,BOW-n_gram & topic_modeling_lda & topic_modeling_nmf,6594
24,1.0178923606872559,0.7071917653083801,1.2924801111221313,0.5846154093742371,1.4397886991500854,0.5705521702766418,0.5705521472392638,0.5705521472392638,0.5705521472392638,0.36362871135598407,0.37840586314270525,0.3619754110069749,0.512357212203838,0.5705521472392638,0.5345102994753996,4,500,300,cosine,0.001,0.99,yonatanlou/BEREL-finetuned-DSS-composition-classification,BOW-n_gram & starr & topic_modeling_lda & topic_modeling_nmf,6594
24,0.9777095317840576,0.7380136847496033,1.3132919073104858,0.5846154093742371,1.4234236478805542,0.5705521702766418,0.5705521472392638,0.5705521472392638,0.5705521472392638,0.37335841815766924,0.383886230728336,0.3638866807447554,0.5162766636759701,0.5705521472392638,0.5310519180068707,3,500,300,cosine,0.001,0.99,yonatanlou/BEREL-finetuned-DSS-composition-classification,trigram & topic_modeling_lda & topic_modeling_nmf,6594
34,0.9691967964172363,0.6832191944122314,1.3077402114868164,0.5384615659713745,1.3761086463928223,0.5705521702766418,0.5705521472392638,0.5705521472392638,0.5705521472392638,0.37103934677248457,0.38867927394243185,0.3723983584355101,0.5063050430010652,0.5705521472392638,0.5278612404202633,3,500,300,cosine,0.001,0.99,yonatanlou/BEREL-finetuned-DSS-composition-classification,trigram & starr & topic_modeling_nmf,6594
50,1.0027879476547241,0.7003424763679504,1.2419700622558594,0.6615384817123413,1.4223915338516235,0.5705521702766418,0.5705521472392638,0.5705521472392638,0.5705521472392638,0.4416892135642136,0.4079180906812485,0.40450857479275176,0.5093028775927549,0.5705521472392638,0.5194588879416296,3,500,300,cosine,0.001,0.99,onlplab/alephbert-base,starr & topic_modeling_lda & topic_modeling_nmf,6594
71,0.8697377443313599,0.7140411138534546,1.2548604011535645,0.5692307949066162,1.3667548894882202,0.5705521702766418,0.5705521472392638,0.5705521472392638,0.5705521472392638,0.44917321445534614,0.38519632414369254,0.38096842948430615,0.5698388505930287,0.5705521472392638,0.5395982026287306,3,500,300,cosine,0.001,0.99,onlplab/alephbert-base,tfidf & starr & topic_modeling_nmf,6594
51,0.9833847284317017,0.7294520735740662,1.4133946895599365,0.6153846383094788,1.4822953939437866,0.5705521702766418,0.5705521472392638,0.5705521472392638,0.5705521472392638,0.41254533182685676,0.39473095617832465,0.38817929435518367,0.5128033465753632,0.5705521472392638,0.5255433291109473,2,500,300,cosine,0.001,0.99,dicta-il/BEREL,BOW-n_gram & topic_modeling_lda,6594
51,0.9833847284317017,0.7294520735740662,1.4133946895599365,0.6153846383094788,1.4822953939437866,0.5705521702766418,0.5705521472392638,0.5705521472392638,0.5705521472392638,0.41254533182685676,0.39473095617832465,0.38817929435518367,0.5128033465753632,0.5705521472392638,0.5255433291109473,1,500,300,cosine,0.001,0.99,dicta-il/BEREL,topic_modeling_lda,6594
66,1.0053945779800415,0.6969178318977356,1.3523627519607544,0.5846154093742371,1.3648260831832886,0.5644171833992004,0.5644171779141104,0.5644171779141104,0.5644171779141104,0.37070781125033325,0.3727382851067061,0.3592482200633238,0.5026193774561081,0.5644171779141104,0.5146015408050856,3,500,300,cosine,0.001,0.99,yonatanlou/BEREL-finetuned-DSS-maskedLM,trigram & starr & topic_modeling_nmf,6594
50,1.0147182941436768,0.7020547986030579,1.2473232746124268,0.6769230961799622,1.4201232194900513,0.5644171833992004,0.5644171779141104,0.5644171779141104,0.5644171779141104,0.4545725108225108,0.41968045112781954,0.42378036967932536,0.5164548641542507,0.5644171779141104,0.5256326209017921,3,500,300,cosine,0.001,0.99,onlplab/alephbert-base,BOW-n_gram & starr & topic_modeling_lda,6594
62,1.026521921157837,0.6969178318977356,1.3820617198944092,0.5846154093742371,1.4101370573043823,0.5644171833992004,0.5644171779141104,0.5644171779141104,0.5644171779141104,0.40850328801208574,0.38669571656413754,0.38220864103217045,0.49667869072678095,0.5644171779141104,0.5112921242116478,3,500,300,cosine,0.001,0.99,yonatanlou/BEREL-finetuned-DSS-maskedLM,tfidf & starr & topic_modeling_lda,6594
72,0.9882184267044067,0.6900684833526611,1.320203423500061,0.5538461804389954,1.373333215713501,0.5644171833992004,0.5644171779141104,0.5644171779141104,0.5644171779141104,0.351909223002104,0.37729038505354295,0.35533731712359085,0.48915138591739044,0.5644171779141104,0.5130511654597953,3,500,300,cosine,0.001,0.99,yonatanlou/BEREL-finetuned-DSS-maskedLM,BOW-n_gram & starr & topic_modeling_nmf,6594
50,1.0383470058441162,0.6832191944122314,1.3171693086624146,0.6000000238418579,1.45482337474823,0.558282196521759,0.558282208588957,0.558282208588957,0.558282208588957,0.43844361080431465,0.40421565276828436,0.4014163602797121,0.5059126077432035,0.558282208588957,0.5136653188919441,2,500,300,cosine,0.001,0.99,onlplab/alephbert-base,starr & topic_modeling_lda,6594
58,0.9473305344581604,0.7260273694992065,1.410554051399231,0.5846154093742371,1.434943675994873,0.558282196521759,0.558282208588957,0.558282208588957,0.558282208588957,0.4408008658008658,0.40477481582744734,0.4016169397519808,0.5089054435680203,0.558282208588957,0.5146758894707714,4,500,300,cosine,0.001,0.99,dicta-il/BEREL,tfidf & BOW-n_gram & starr & topic_modeling_lda,6594
64,0.8879967331886292,0.715753436088562,1.522084355354309,0.5692307949066162,1.5139211416244507,0.558282196521759,0.558282208588957,0.558282208588957,0.558282208588957,0.4096301648440686,0.4007562466772993,0.3851075667226468,0.5284828427917565,0.558282208588957,0.5257234021242534,3,500,300,cosine,0.001,0.99,dicta-il/BEREL,trigram & BOW-n_gram & topic_modeling_nmf,6594
54,0.9918731451034546,0.6883561611175537,1.3223971128463745,0.5230769515037537,1.4334251880645752,0.558282196521759,0.558282208588957,0.558282208588957,0.558282208588957,0.345495337995338,0.35515417331206806,0.33235420555287815,0.5026938807613655,0.558282208588957,0.5104430041817377,3,500,300,cosine,0.001,0.99,onlplab/alephbert-base,BOW-n_gram & starr & topic_modeling_nmf,6594
64,1.0184991359710693,0.7020547986030579,1.3876314163208008,0.5846154093742371,1.417657732963562,0.5521472096443176,0.5521472392638037,0.5521472392638037,0.5521472392638037,0.40376451200314845,0.39524436090225556,0.3861314858641061,0.4897370395453218,0.5521472392638037,0.5035649502268051,3,500,300,cosine,0.001,0.99,yonatanlou/BEREL-finetuned-DSS-maskedLM,trigram & starr & topic_modeling_lda,6594
25,0.9684276580810547,0.7208904027938843,1.3290045261383057,0.5846154093742371,1.3973373174667358,0.5521472096443176,0.5521472392638037,0.5521472392638037,0.5521472392638037,0.36155316905316903,0.3710254803675857,0.3550846608729415,0.4917676801725882,0.5521472392638037,0.5128014923800921,3,500,300,cosine,0.001,0.99,yonatanlou/BEREL-finetuned-DSS-composition-classification,trigram & BOW-n_gram & topic_modeling_lda,6594
63,1.0348353385925293,0.698630154132843,1.38218092918396,0.5846154093742371,1.421168327331543,0.5521472096443176,0.5521472392638037,0.5521472392638037,0.5521472392638037,0.3574446386946387,0.3440322396901344,0.33755905101247063,0.4817766504116198,0.5521472392638037,0.4991523775660226,3,500,300,cosine,0.001,0.99,yonatanlou/BEREL-finetuned-DSS-maskedLM,BOW-n_gram & starr & topic_modeling_lda,6594
52,1.0224214792251587,0.7089040875434875,1.4749536514282227,0.5692307949066162,1.4560704231262207,0.5521472096443176,0.5521472392638037,0.5521472392638037,0.5521472392638037,0.43500678417884403,0.39390958456747927,0.3903672829292024,0.49753277152022857,0.5521472392638037,0.502200457916236,3,500,300,cosine,0.001,0.99,dicta-il/BEREL,tfidf & starr & topic_modeling_lda,6594
44,0.9790638089179993,0.6917808055877686,1.3907737731933594,0.5846154093742371,1.5540355443954468,0.5521472096443176,0.5521472392638037,0.5521472392638037,0.5521472392638037,0.42276390276390274,0.3963778765094554,0.3861585161718852,0.5460859794602125,0.5521472392638037,0.5244982402416541,3,500,300,cosine,0.001,0.99,onlplab/alephbert-base,trigram & BOW-n_gram & topic_modeling_nmf,6594
53,1.047408103942871,0.7054794430732727,1.3736507892608643,0.6153846383094788,1.4601573944091797,0.5521472096443176,0.5521472392638037,0.5521472392638037,0.5521472392638037,0.38514926818218354,0.3816243259664312,0.37124905928733687,0.4903572592698889,0.5521472392638037,0.5038439307974342,2,500,300,cosine,0.001,0.99,yonatanlou/BEREL-finetuned-DSS-maskedLM,topic_modeling_lda & topic_modeling_nmf,6594
52,1.0288541316986084,0.710616409778595,1.4730842113494873,0.5538461804389954,1.463188648223877,0.5521472096443176,0.5521472392638037,0.5521472392638037,0.5521472392638037,0.433244817121789,0.39390958456747927,0.3906748307149377,0.49706109010776944,0.5521472392638037,0.5027659844332527,3,500,300,cosine,0.001,0.99,dicta-il/BEREL,trigram & starr & topic_modeling_lda,6594
49,1.0094200372695923,0.6917808055877686,1.3202788829803467,0.5384615659713745,1.4294017553329468,0.5521472096443176,0.5521472392638037,0.5521472392638037,0.5521472392638037,0.34886515000151364,0.3389823042454621,0.32470091312196575,0.4956576143692708,0.5521472392638037,0.5003537631241861,3,500,300,cosine,0.001,0.99,onlplab/alephbert-base,trigram & starr & topic_modeling_nmf,6594
52,1.0419270992279053,0.7037671208381653,1.464652419090271,0.5692307949066162,1.4719140529632568,0.5521472096443176,0.5521472392638037,0.5521472392638037,0.5521472392638037,0.392067560035441,0.3560307966886914,0.3501849878186777,0.4934925727355711,0.5521472392638037,0.49983023378909347,3,500,300,cosine,0.001,0.99,dicta-il/BEREL,BOW-n_gram & starr & topic_modeling_lda,6594
43,1.0881356000900269,0.6660959124565125,1.485557198524475,0.5538461804389954,1.6209825277328491,0.546012282371521,0.5460122699386503,0.5460122699386503,0.5460122699386503,0.4770067097205947,0.4017025518341308,0.40040134979335174,0.5551962129879682,0.5460122699386503,0.5181785871386235,2,500,300,cosine,0.001,0.99,onlplab/alephbert-base,BOW-n_gram & topic_modeling_nmf,6594
23,1.0924296379089355,0.6575342416763306,1.4745814800262451,0.6000000238418579,1.646929383277893,0.546012282371521,0.5460122699386503,0.5460122699386503,0.5460122699386503,0.38296715419661126,0.3647900053163211,0.34615695002399094,0.516133236186303,0.5460122699386503,0.5054502963839012,3,500,300,cosine,0.001,0.99,yonatanlou/BEREL-finetuned-DSS-composition-classification,tfidf & trigram & topic_modeling_nmf,6594
43,1.0881356000900269,0.6660959124565125,1.485557198524475,0.5538461804389954,1.6209825277328491,0.546012282371521,0.5460122699386503,0.5460122699386503,0.5460122699386503,0.4770067097205947,0.4017025518341308,0.40040134979335174,0.5551962129879682,0.5460122699386503,0.5181785871386235,2,500,300,cosine,0.001,0.99,onlplab/alephbert-base,tfidf & topic_modeling_nmf,6594
60,1.0831907987594604,0.6746575236320496,1.4592691659927368,0.5538461804389954,1.4732170104980469,0.546012282371521,0.5460122699386503,0.5460122699386503,0.5460122699386503,0.3509686305873989,0.3447393103972052,0.3344279484470872,0.4710283120138651,0.5460122699386503,0.4916464957924434,2,500,300,cosine,0.001,0.99,yonatanlou/BEREL-finetuned-DSS-maskedLM,starr & topic_modeling_lda,6594
50,1.0024334192276,0.710616409778595,1.270702838897705,0.6461538672447205,1.4074556827545166,0.546012282371521,0.5460122699386503,0.5460122699386503,0.5460122699386503,0.4373132462979768,0.393165299612668,0.395625178446034,0.5052193920636703,0.5460122699386503,0.5080222105573964,3,500,300,cosine,0.001,0.99,onlplab/alephbert-base,trigram & starr & topic_modeling_lda,6594
52,1.0383312702178955,0.7003424763679504,1.4572466611862183,0.5846154093742371,1.4786243438720703,0.546012282371521,0.5460122699386503,0.5460122699386503,0.5460122699386503,0.39097934995112416,0.348322131085289,0.3433980414171068,0.489546226664028,0.5460122699386503,0.4924010977176527,3,500,300,cosine,0.001,0.99,dicta-il/BEREL,starr & topic_modeling_lda & topic_modeling_nmf,6594
50,0.9955894947052002,0.710616409778595,1.2529889345169067,0.6461538672447205,1.4054901599884033,0.546012282371521,0.5460122699386503,0.5460122699386503,0.5460122699386503,0.4274445501816192,0.393165299612668,0.3923371143924197,0.49542486005755515,0.5460122699386503,0.5049546235717863,3,500,300,cosine,0.001,0.99,onlplab/alephbert-base,tfidf & starr & topic_modeling_lda,6594
43,1.0881356000900269,0.6660959124565125,1.485557198524475,0.5538461804389954,1.6209825277328491,0.546012282371521,0.5460122699386503,0.5460122699386503,0.5460122699386503,0.4770067097205947,0.4017025518341308,0.40040134979335174,0.5551962129879682,0.5460122699386503,0.5181785871386235,2,500,300,cosine,0.001,0.99,onlplab/alephbert-base,trigram & topic_modeling_nmf,6594
43,1.0881356000900269,0.6660959124565125,1.485557198524475,0.5538461804389954,1.6209825277328491,0.546012282371521,0.5460122699386503,0.5460122699386503,0.5460122699386503,0.4770067097205947,0.4017025518341308,0.40040134979335174,0.5551962129879682,0.5460122699386503,0.5181785871386235,1,500,300,cosine,0.001,0.99,onlplab/alephbert-base,topic_modeling_nmf,6594
75,0.9251621961593628,0.698630154132843,1.436513066291809,0.6000000238418579,1.5118660926818848,0.5398772954940796,0.5398773006134969,0.5398773006134969,0.5398773006134969,0.42488834836660916,0.38981297941824256,0.38688576545813436,0.5272450089254569,0.5398773006134969,0.5183590290869459,3,500,300,cosine,0.001,0.99,yonatanlou/BEREL-finetuned-DSS-maskedLM,tfidf & trigram & topic_modeling_nmf,6594
43,0.993657648563385,0.7174657583236694,1.2915701866149902,0.6461538672447205,1.4564943313598633,0.5398772954940796,0.5398773006134969,0.5398773006134969,0.5398773006134969,0.40431235431235435,0.39792910306068197,0.3923016908662842,0.47874783703004553,0.5398773006134969,0.5006691296003533,2,500,300,cosine,0.001,0.99,onlplab/alephbert-base,trigram & topic_modeling_lda,6594
43,1.0352811813354492,0.6729452013969421,1.40961754322052,0.5846154093742371,1.5908809900283813,0.5398772954940796,0.5398773006134969,0.5398773006134969,0.5398773006134969,0.4363051699258596,0.398227956254272,0.39279925829553086,0.5199640028072438,0.5398773006134969,0.5110836954657801,3,500,300,cosine,0.001,0.99,onlplab/alephbert-base,tfidf & trigram & topic_modeling_nmf,6594
47,1.0198012590408325,0.7071917653083801,1.41428804397583,0.6153846383094788,1.5038113594055176,0.5398772954940796,0.5398773006134969,0.5398773006134969,0.5398773006134969,0.416918005936373,0.36543802688539534,0.36693610762759693,0.49834670394629565,0.5398773006134969,0.49489719587291714,2,500,300,cosine,0.001,0.99,dicta-il/BEREL,topic_modeling_lda & topic_modeling_nmf,6594
43,1.059251308441162,0.6729452013969421,1.4564555883407593,0.5692307949066162,1.6127995252609253,0.5398772954940796,0.5398773006134969,0.5398773006134969,0.5398773006134969,0.5061412316910852,0.4065829346092503,0.41462514249771787,0.5730648301497302,0.5398773006134969,0.5226416888154504,3,500,300,cosine,0.001,0.99,onlplab/alephbert-base,tfidf & BOW-n_gram & topic_modeling_nmf,6594
23,1.050564169883728,0.6660959124565125,1.464146614074707,0.5846154093742371,1.5999106168746948,0.5398772954940796,0.5398773006134969,0.5398773006134969,0.5398773006134969,0.39186977531334416,0.3570627325890483,0.33948337815617874,0.5032608340838317,0.5398773006134969,0.49265897351591087,3,500,300,cosine,0.001,0.99,yonatanlou/BEREL-finetuned-DSS-composition-classification,trigram & BOW-n_gram & topic_modeling_nmf,6594
43,0.993657648563385,0.7174657583236694,1.2915701866149902,0.6461538672447205,1.4564943313598633,0.5398772954940796,0.5398773006134969,0.5398773006134969,0.5398773006134969,0.40431235431235435,0.39792910306068197,0.3923016908662842,0.47874783703004553,0.5398773006134969,0.5006691296003533,2,500,300,cosine,0.001,0.99,onlplab/alephbert-base,tfidf & topic_modeling_lda,6594
20,1.1776424646377563,0.6558219194412231,1.3739784955978394,0.5692307949066162,1.5529677867889404,0.5398772954940796,0.5398773006134969,0.5398773006134969,0.5398773006134969,0.3227862176138038,0.3391837548416496,0.3195493090689948,0.4568241556764932,0.5398773006134969,0.48583910556877113,3,500,300,cosine,0.001,0.99,yonatanlou/BEREL-finetuned-DSS-composition-classification,starr & topic_modeling_lda & topic_modeling_nmf,6594
43,0.993657648563385,0.7174657583236694,1.2915701866149902,0.6461538672447205,1.4564943313598633,0.5398772954940796,0.5398773006134969,0.5398773006134969,0.5398773006134969,0.40431235431235435,0.39792910306068197,0.3923016908662842,0.47874783703004553,0.5398773006134969,0.5006691296003533,1,500,300,cosine,0.001,0.99,onlplab/alephbert-base,topic_modeling_lda,6594
23,1.049257516860962,0.7003424763679504,1.3546870946884155,0.5846154093742371,1.421677827835083,0.5398772954940796,0.5398773006134969,0.5398773006134969,0.5398773006134969,0.3726326272428221,0.3902390445811499,0.3716682241203772,0.4788065988579228,0.5398773006134969,0.4998620930248311,4,500,300,cosine,0.001,0.99,yonatanlou/BEREL-finetuned-DSS-composition-classification,trigram & BOW-n_gram & starr & topic_modeling_lda,6594
76,0.9531430006027222,0.6900684833526611,1.4724863767623901,0.6000000238418579,1.533027172088623,0.5398772954940796,0.5398773006134969,0.5398773006134969,0.5398773006134969,0.43655483405483403,0.3823435482646008,0.3881007418601877,0.5219310546304411,0.5398773006134969,0.5158876796838612,3,500,300,cosine,0.001,0.99,yonatanlou/BEREL-finetuned-DSS-maskedLM,tfidf & BOW-n_gram & topic_modeling_nmf,6594
54,1.0315675735473633,0.681506872177124,1.4969767332077026,0.5384615659713745,1.4068478345870972,0.5398772954940796,0.5398773006134969,0.5398773006134969,0.5398773006134969,0.30859352246499583,0.34351275917065394,0.31929823195516344,0.4543111109326468,0.5398773006134969,0.4854862370956632,3,500,300,cosine,0.001,0.99,dicta-il/BEREL,trigram & BOW-n_gram & starr,6594
43,0.993657648563385,0.7174657583236694,1.2915701866149902,0.6461538672447205,1.4564943313598633,0.5398772954940796,0.5398773006134969,0.5398773006134969,0.5398773006134969,0.40431235431235435,0.39792910306068197,0.3923016908662842,0.47874783703004553,0.5398773006134969,0.5006691296003533,2,500,300,cosine,0.001,0.99,onlplab/alephbert-base,BOW-n_gram & topic_modeling_lda,6594
52,1.0689125061035156,0.6866438388824463,1.5135936737060547,0.5076923370361328,1.5103793144226074,0.5337423086166382,0.5337423312883436,0.5337423312883436,0.5337423312883436,0.37181094767301665,0.3394362800941748,0.3321155438538304,0.4694743237159146,0.5337423312883436,0.4793750028333405,2,500,300,cosine,0.001,0.99,dicta-il/BEREL,starr & topic_modeling_lda,6594
43,1.1276435852050781,0.6489726305007935,1.4199941158294678,0.5230769515037537,1.5029988288879395,0.5337423086166382,0.5337423312883436,0.5337423312883436,0.5337423312883436,0.320811840948148,0.3198980405559353,0.3029670136146759,0.45640991898249145,0.5337423312883436,0.47242972179641834,3,500,300,cosine,0.001,0.99,onlplab/alephbert-base,tfidf & BOW-n_gram & starr,6594
60,1.0448931455612183,0.6832191944122314,1.4454740285873413,0.5538461804389954,1.395101547241211,0.5337423086166382,0.5337423312883436,0.5337423312883436,0.5337423312883436,0.3151942623729457,0.33765056580846053,0.3176737064819571,0.4572312322047884,0.5337423312883436,0.4808854615680414,3,500,300,cosine,0.001,0.99,yonatanlou/BEREL-finetuned-DSS-maskedLM,trigram & BOW-n_gram & starr,6594
23,1.0854651927947998,0.6917808055877686,1.3536036014556885,0.5230769515037537,1.5560555458068848,0.5337423086166382,0.5337423312883436,0.5337423312883436,0.5337423312883436,0.33779876688967597,0.35951336675020884,0.33903877465374793,0.48396249966802113,0.5337423312883436,0.49913904532453796,2,500,300,cosine,0.001,0.99,yonatanlou/BEREL-finetuned-DSS-composition-classification,topic_modeling_lda & topic_modeling_nmf,6594
22,1.1184200048446655,0.6541095972061157,1.3898708820343018,0.5538461804389954,1.4665539264678955,0.5276073813438416,0.5276073619631901,0.5276073619631901,0.5276073619631901,0.2885584438370362,0.33633743449532916,0.3071026910204171,0.43442033261942237,0.5276073619631901,0.471069741508266,3,500,300,cosine,0.001,0.99,yonatanlou/BEREL-finetuned-DSS-composition-classification,trigram & BOW-n_gram & starr,6594
67,0.9128555059432983,0.7089040875434875,1.5412728786468506,0.5692307949066162,1.5618879795074463,0.5276073813438416,0.5276073619631901,0.5276073619631901,0.5276073619631901,0.3956375097523422,0.3655067593225488,0.35773841256527933,0.504914218992359,0.5276073619631901,0.49764015028215364,3,500,300,cosine,0.001,0.99,dicta-il/BEREL,tfidf & trigram & topic_modeling_nmf,6594
54,1.0781160593032837,0.6746575236320496,1.5072335004806519,0.5230769515037537,1.465648889541626,0.5276073813438416,0.5276073619631901,0.5276073619631901,0.5276073619631901,0.3247535783013966,0.3408137768664084,0.3229664087671405,0.45468537735708314,0.5276073619631901,0.47503662614680875,3,500,300,cosine,0.001,0.99,dicta-il/BEREL,tfidf & BOW-n_gram & starr,6594
23,1.1186652183532715,0.6541095972061157,1.5113312005996704,0.5846154093742371,1.6663976907730103,0.5276073813438416,0.5276073619631901,0.5276073619631901,0.5276073619631901,0.3460192878914066,0.3464819245082403,0.32465659564763183,0.4776493978111718,0.5276073619631901,0.4828931533205197,3,500,300,cosine,0.001,0.99,yonatanlou/BEREL-finetuned-DSS-composition-classification,tfidf & BOW-n_gram & topic_modeling_nmf,6594
60,1.0988785028457642,0.6609588861465454,1.4619324207305908,0.5538461804389954,1.4470529556274414,0.5276073813438416,0.5276073619631901,0.5276073619631901,0.5276073619631901,0.31342377906837154,0.33626167691957165,0.31619061828376677,0.44539665829199354,0.5276073619631901,0.47113084021171797,3,500,300,cosine,0.001,0.99,yonatanlou/BEREL-finetuned-DSS-maskedLM,tfidf & BOW-n_gram & starr,6594
76,0.9849218130111694,0.6712328791618347,1.5100617408752441,0.5384615659713745,1.5416988134384155,0.5276073813438416,0.5276073619631901,0.5276073619631901,0.5276073619631901,0.4467081067081067,0.37224253816359076,0.38357142857142856,0.5206854211455438,0.5276073619631901,0.5056888782655654,2,500,300,cosine,0.001,0.99,yonatanlou/BEREL-finetuned-DSS-maskedLM,trigram & topic_modeling_nmf,6594
76,0.9849218130111694,0.6712328791618347,1.5100617408752441,0.5384615659713745,1.5416988134384155,0.5276073813438416,0.5276073619631901,0.5276073619631901,0.5276073619631901,0.4467081067081067,0.37224253816359076,0.38357142857142856,0.5206854211455438,0.5276073619631901,0.5056888782655654,2,500,300,cosine,0.001,0.99,yonatanlou/BEREL-finetuned-DSS-maskedLM,tfidf & topic_modeling_nmf,6594
59,1.0756689310073853,0.6695205569267273,1.4507142305374146,0.5692307949066162,1.4229217767715454,0.5276073813438416,0.5276073619631901,0.5276073619631901,0.5276073619631901,0.3079190565181944,0.3356303637882585,0.3130128289494095,0.4421658400305005,0.5276073619631901,0.47013867463631515,3,500,300,cosine,0.001,0.99,yonatanlou/BEREL-finetuned-DSS-maskedLM,tfidf & trigram & starr,6594
76,0.9849218130111694,0.6712328791618347,1.5100617408752441,0.5384615659713745,1.5416988134384155,0.5276073813438416,0.5276073619631901,0.5276073619631901,0.5276073619631901,0.4467081067081067,0.37224253816359076,0.38357142857142856,0.5206854211455438,0.5276073619631901,0.5056888782655654,2,500,300,cosine,0.001,0.99,yonatanlou/BEREL-finetuned-DSS-maskedLM,BOW-n_gram & topic_modeling_nmf,6594
76,0.9849218130111694,0.6712328791618347,1.5100617408752441,0.5384615659713745,1.5416988134384155,0.5276073813438416,0.5276073619631901,0.5276073619631901,0.5276073619631901,0.4467081067081067,0.37224253816359076,0.38357142857142856,0.5206854211455438,0.5276073619631901,0.5056888782655654,1,500,300,cosine,0.001,0.99,yonatanlou/BEREL-finetuned-DSS-maskedLM,topic_modeling_nmf,6594
23,1.1527400016784668,0.6352739930152893,1.5466423034667969,0.5538461804389954,1.6869831085205078,0.5214723944664001,0.5214723926380368,0.5214723926380368,0.5214723926380368,0.4034991813967634,0.3439566719829878,0.3302531814282829,0.511270795272019,0.5214723926380368,0.48057860793188223,2,500,300,cosine,0.001,0.99,yonatanlou/BEREL-finetuned-DSS-composition-classification,BOW-n_gram & topic_modeling_nmf,6594
49,1.094788670539856,0.6678082346916199,1.494771957397461,0.5538461804389954,1.4483658075332642,0.5214723944664001,0.5214723926380368,0.5214723926380368,0.5214723926380368,0.30483777807034707,0.33071276676539835,0.3097034872435942,0.4385108425772644,0.5214723926380368,0.4656157567922275,3,500,300,cosine,0.001,0.99,dicta-il/BEREL,tfidf & trigram & starr,6594
42,1.1128157377243042,0.6558219194412231,1.4177175760269165,0.5384615659713745,1.4636849164962769,0.5214723944664001,0.5214723926380368,0.5214723926380368,0.5214723926380368,0.3126295421749967,0.3072146274777854,0.29049785737677086,0.4515213484538638,0.5214723926380368,0.461550981402712,3,500,300,cosine,0.001,0.99,onlplab/alephbert-base,tfidf & trigram & starr,6594
21,1.1676380634307861,0.6660959124565125,1.3893218040466309,0.5384615659713745,1.5449033975601196,0.5214723944664001,0.5214723926380368,0.5214723926380368,0.5214723926380368,0.32197894697894697,0.34246791220475425,0.3234238072057987,0.45256198016934207,0.5214723926380368,0.47907053200504657,3,500,300,cosine,0.001,0.99,yonatanlou/BEREL-finetuned-DSS-composition-classification,BOW-n_gram & starr & topic_modeling_lda,6594
59,1.1219630241394043,0.6523972749710083,1.5158652067184448,0.5384615659713745,1.4954886436462402,0.5214723944664001,0.5214723926380368,0.5214723926380368,0.5214723926380368,0.3273247372129337,0.3397531708058024,0.3219480845951434,0.44985817541848616,0.5214723926380368,0.4673601257397721,1,500,300,cosine,0.001,0.99,yonatanlou/BEREL-finetuned-DSS-maskedLM,starr,6594
59,1.1219630241394043,0.6523972749710083,1.5158652067184448,0.5384615659713745,1.4954886436462402,0.5214723944664001,0.5214723926380368,0.5214723926380368,0.5214723926380368,0.3273247372129337,0.3397531708058024,0.3219480845951434,0.44985817541848616,0.5214723926380368,0.4673601257397721,2,500,300,cosine,0.001,0.99,yonatanlou/BEREL-finetuned-DSS-maskedLM,tfidf & starr,6594
44,0.9729934930801392,0.7191780805587769,1.2811757326126099,0.6615384817123413,1.4674562215805054,0.5214723944664001,0.5214723926380368,0.5214723926380368,0.5214723926380368,0.3793845043845044,0.3755265056580846,0.36737598860361004,0.4583125463493561,0.5214723926380368,0.4802035883422292,2,500,300,cosine,0.001,0.99,onlplab/alephbert-base,topic_modeling_lda & topic_modeling_nmf,6594
23,1.1527400016784668,0.6352739930152893,1.5466423034667969,0.5538461804389954,1.6869831085205078,0.5214723944664001,0.5214723926380368,0.5214723926380368,0.5214723926380368,0.4034991813967634,0.3439566719829878,0.3302531814282829,0.511270795272019,0.5214723926380368,0.48057860793188223,1,500,300,cosine,0.001,0.99,yonatanlou/BEREL-finetuned-DSS-composition-classification,topic_modeling_nmf,6594
23,1.1527400016784668,0.6352739930152893,1.5466423034667969,0.5538461804389954,1.6869831085205078,0.5214723944664001,0.5214723926380368,0.5214723926380368,0.5214723926380368,0.4034991813967634,0.3439566719829878,0.3302531814282829,0.511270795272019,0.5214723926380368,0.48057860793188223,2,500,300,cosine,0.001,0.99,yonatanlou/BEREL-finetuned-DSS-composition-classification,trigram & topic_modeling_nmf,6594
59,1.1219630241394043,0.6523972749710083,1.5158652067184448,0.5384615659713745,1.4954886436462402,0.5214723944664001,0.5214723926380368,0.5214723926380368,0.5214723926380368,0.3273247372129337,0.3397531708058024,0.3219480845951434,0.44985817541848616,0.5214723926380368,0.4673601257397721,2,500,300,cosine,0.001,0.99,yonatanlou/BEREL-finetuned-DSS-maskedLM,trigram & starr,6594
59,1.1219630241394043,0.6523972749710083,1.5158652067184448,0.5384615659713745,1.4954886436462402,0.5214723944664001,0.5214723926380368,0.5214723926380368,0.5214723926380368,0.3273247372129337,0.3397531708058024,0.3219480845951434,0.44985817541848616,0.5214723926380368,0.4673601257397721,2,500,300,cosine,0.001,0.99,yonatanlou/BEREL-finetuned-DSS-maskedLM,BOW-n_gram & starr,6594
23,1.1527400016784668,0.6352739930152893,1.5466423034667969,0.5538461804389954,1.6869831085205078,0.5214723944664001,0.5214723926380368,0.5214723926380368,0.5214723926380368,0.4034991813967634,0.3439566719829878,0.3302531814282829,0.511270795272019,0.5214723926380368,0.48057860793188223,2,500,300,cosine,0.001,0.99,yonatanlou/BEREL-finetuned-DSS-composition-classification,tfidf & topic_modeling_nmf,6594
59,1.1223673820495605,0.6523972749710083,1.516858696937561,0.5384615659713745,1.495897889137268,0.5214723944664001,0.5214723926380368,0.5214723926380368,0.5214723926380368,0.32603381161848904,0.3397531708058024,0.3210580922345629,0.45086906175492164,0.5214723926380368,0.467813804143649,2,500,300,cosine,0.001,0.99,yonatanlou/BEREL-finetuned-DSS-maskedLM,starr & topic_modeling_nmf,6594
42,1.152341604232788,0.6455479264259338,1.474452257156372,0.5076923370361328,1.5466946363449097,0.5153374075889587,0.5153374233128835,0.5153374233128835,0.5153374233128835,0.31020472582972586,0.31197539302802463,0.29705677191745306,0.4375894683026585,0.5153374233128835,0.4579657649801432,1,500,300,cosine,0.001,0.99,onlplab/alephbert-base,starr,6594
54,1.101205825805664,0.659246563911438,1.5564851760864258,0.5076923370361328,1.5177589654922485,0.5153374075889587,0.5153374233128835,0.5153374233128835,0.5153374233128835,0.3320128521283214,0.3325562011088327,0.3190970586157752,0.45461476851863747,0.5153374233128835,0.46515410969398696,2,500,300,cosine,0.001,0.99,dicta-il/BEREL,BOW-n_gram & starr,6594
21,1.1006252765655518,0.6729452013969421,1.2944965362548828,0.5538461804389954,1.4831854104995728,0.5153374075889587,0.5153374233128835,0.5153374233128835,0.5153374233128835,0.36745432597705324,0.37858566871724764,0.36110897473497466,0.466175108122961,0.5153374233128835,0.478908744670458,4,500,300,cosine,0.001,0.99,yonatanlou/BEREL-finetuned-DSS-composition-classification,tfidf & trigram & starr & topic_modeling_lda,6594
21,1.1369547843933105,0.6712328791618347,1.3484700918197632,0.5538461804389954,1.4776194095611572,0.5153374075889587,0.5153374233128835,0.5153374233128835,0.5153374233128835,0.3500841750841751,0.3739830637199058,0.3492349287907848,0.4695848346155094,0.5153374233128835,0.48057535464773876,4,500,300,cosine,0.001,0.99,yonatanlou/BEREL-finetuned-DSS-composition-classification,tfidf & BOW-n_gram & starr & topic_modeling_lda,6594
54,1.101205825805664,0.659246563911438,1.5564851760864258,0.5076923370361328,1.5177589654922485,0.5153374075889587,0.5153374233128835,0.5153374233128835,0.5153374233128835,0.3320128521283214,0.3325562011088327,0.3190970586157752,0.45461476851863747,0.5153374233128835,0.46515410969398696,2,500,300,cosine,0.001,0.99,dicta-il/BEREL,trigram & starr,6594
42,1.152341604232788,0.6455479264259338,1.474452257156372,0.5076923370361328,1.5466946363449097,0.5153374075889587,0.5153374233128835,0.5153374233128835,0.5153374233128835,0.31020472582972586,0.31197539302802463,0.29705677191745306,0.4375894683026585,0.5153374233128835,0.4579657649801432,2,500,300,cosine,0.001,0.99,onlplab/alephbert-base,tfidf & starr,6594
72,0.9060301184654236,0.7003424763679504,1.5669498443603516,0.5846154093742371,1.5785797834396362,0.5153374075889587,0.5153374233128835,0.5153374233128835,0.5153374233128835,0.38482301368665,0.35806390977443603,0.3530043286166892,0.49213384207249233,0.5153374233128835,0.4900805496077337,3,500,300,cosine,0.001,0.99,dicta-il/BEREL,tfidf & BOW-n_gram & topic_modeling_nmf,6594
42,1.152341604232788,0.6455479264259338,1.474452257156372,0.5076923370361328,1.5466946363449097,0.5153374075889587,0.5153374233128835,0.5153374233128835,0.5153374233128835,0.31020472582972586,0.31197539302802463,0.29705677191745306,0.4375894683026585,0.5153374233128835,0.4579657649801432,2,500,300,cosine,0.001,0.99,onlplab/alephbert-base,trigram & starr,6594
20,1.1741948127746582,0.659246563911438,1.3816362619400024,0.5692307949066162,1.5500178337097168,0.5153374075889587,0.5153374233128835,0.5153374233128835,0.5153374233128835,0.322892607218626,0.3230420748841802,0.3082232944165623,0.45154894467354795,0.5153374233128835,0.4673997552399397,3,500,300,cosine,0.001,0.99,yonatanlou/BEREL-finetuned-DSS-composition-classification,trigram & starr & topic_modeling_lda,6594
43,1.0772838592529297,0.6780821681022644,1.4175182580947876,0.5538461804389954,1.4420644044876099,0.5153374075889587,0.5153374233128835,0.5153374233128835,0.5153374233128835,0.30473797036297035,0.3069753930280246,0.29020144433678263,0.4442345614508192,0.5153374233128835,0.4606372444741374,3,500,300,cosine,0.001,0.99,onlplab/alephbert-base,trigram & BOW-n_gram & starr,6594
42,1.152341604232788,0.6455479264259338,1.474452257156372,0.5076923370361328,1.5466946363449097,0.5153374075889587,0.5153374233128835,0.5153374233128835,0.5153374233128835,0.31020472582972586,0.31197539302802463,0.29705677191745306,0.4375894683026585,0.5153374233128835,0.4579657649801432,2,500,300,cosine,0.001,0.99,onlplab/alephbert-base,BOW-n_gram & starr,6594
21,1.1870306730270386,0.642123281955719,1.412554144859314,0.5538461804389954,1.5439419746398926,0.5153374075889587,0.5153374233128835,0.5153374233128835,0.5153374233128835,0.2859634183301895,0.3319248879775195,0.30292825469018586,0.4222591138499749,0.5153374233128835,0.4582844115590621,3,500,300,cosine,0.001,0.99,yonatanlou/BEREL-finetuned-DSS-composition-classification,tfidf & BOW-n_gram & starr,6594
54,1.101205825805664,0.659246563911438,1.5564851760864258,0.5076923370361328,1.5177589654922485,0.5153374075889587,0.5153374233128835,0.5153374233128835,0.5153374233128835,0.3320128521283214,0.3325562011088327,0.3190970586157752,0.45461476851863747,0.5153374233128835,0.46515410969398696,2,500,300,cosine,0.001,0.99,dicta-il/BEREL,tfidf & starr,6594
21,1.158671498298645,0.6455479264259338,1.391780138015747,0.5538461804389954,1.506557583808899,0.5153374075889587,0.5153374233128835,0.5153374233128835,0.5153374233128835,0.2826921250118742,0.3267414748993696,0.2993609344173361,0.42082395779243675,0.5153374233128835,0.4580941124285731,3,500,300,cosine,0.001,0.99,yonatanlou/BEREL-finetuned-DSS-composition-classification,tfidf & trigram & starr,6594
54,1.101205825805664,0.659246563911438,1.5564851760864258,0.5076923370361328,1.5177589654922485,0.5153374075889587,0.5153374233128835,0.5153374233128835,0.5153374233128835,0.3320128521283214,0.3325562011088327,0.3190970586157752,0.45461476851863747,0.5153374233128835,0.46515410969398696,1,500,300,cosine,0.001,0.99,dicta-il/BEREL,starr,6594
54,1.1000975370407104,0.659246563911438,1.5569171905517578,0.5076923370361328,1.5158846378326416,0.5153374075889587,0.5153374233128835,0.5153374233128835,0.5153374233128835,0.3320128521283214,0.3325562011088327,0.3190970586157752,0.45461476851863747,0.5153374233128835,0.46515410969398696,2,500,300,cosine,0.001,0.99,dicta-il/BEREL,starr & topic_modeling_nmf,6594
41,1.158067226409912,0.6455479264259338,1.4726461172103882,0.5076923370361328,1.5497846603393555,0.5153374075889587,0.5153374233128835,0.5153374233128835,0.5153374233128835,0.3080762987012987,0.31715880610617453,0.2995328419467145,0.43403995033596254,0.5153374233128835,0.45797709681499676,2,500,300,cosine,0.001,0.99,onlplab/alephbert-base,starr & topic_modeling_nmf,6594
21,1.1486127376556396,0.6678082346916199,1.388152003288269,0.5384615659713745,1.530463695526123,0.5092024803161621,0.50920245398773,0.50920245398773,0.50920245398773,0.3249920534011443,0.33173558897243105,0.3186098738839603,0.456184306491055,0.50920245398773,0.4741480708675948,3,500,300,cosine,0.001,0.99,yonatanlou/BEREL-finetuned-DSS-composition-classification,tfidf & starr & topic_modeling_lda,6594
24,1.0612629652023315,0.6969178318977356,1.3808863162994385,0.5230769515037537,1.4856404066085815,0.5092024803161621,0.50920245398773,0.50920245398773,0.50920245398773,0.3323560278105732,0.33002202475886677,0.3177396881617662,0.4639545185557456,0.50920245398773,0.47525484594283884,3,500,300,cosine,0.001,0.99,yonatanlou/BEREL-finetuned-DSS-composition-classification,tfidf & BOW-n_gram & topic_modeling_lda,6594
26,0.9920567274093628,0.7123287916183472,1.3450969457626343,0.5538461804389954,1.4345141649246216,0.5092024803161621,0.50920245398773,0.50920245398773,0.50920245398773,0.26986619441164894,0.31297657021341235,0.28501197639099213,0.4461815348931913,0.50920245398773,0.46988727518618195,3,500,300,cosine,0.001,0.99,yonatanlou/BEREL-finetuned-DSS-composition-classification,tfidf & trigram & topic_modeling_lda,6594
73,0.9320610761642456,0.6832191944122314,1.6242964267730713,0.5384615659713745,1.5874866247177124,0.5030674934387207,0.5030674846625767,0.5030674846625767,0.5030674846625767,0.4254018998903909,0.35662090833143467,0.3661922317699407,0.5080641859304403,0.5030674846625767,0.48736015292686524,2,500,300,cosine,0.001,0.99,dicta-il/BEREL,BOW-n_gram & topic_modeling_nmf,6594
21,1.2093772888183594,0.6352739930152893,1.4770171642303467,0.5384615659713745,1.597845196723938,0.5030674934387207,0.5030674846625767,0.5030674846625767,0.5030674846625767,0.29095448699680676,0.3277834738361054,0.2999672735684032,0.4253816911527933,0.5030674846625767,0.4504115790183465,2,500,300,cosine,0.001,0.99,yonatanlou/BEREL-finetuned-DSS-composition-classification,BOW-n_gram & starr,6594
21,1.2093772888183594,0.6352739930152893,1.4770171642303467,0.5384615659713745,1.597845196723938,0.5030674934387207,0.5030674846625767,0.5030674846625767,0.5030674846625767,0.29095448699680676,0.3277834738361054,0.2999672735684032,0.4253816911527933,0.5030674846625767,0.4504115790183465,2,500,300,cosine,0.001,0.99,yonatanlou/BEREL-finetuned-DSS-composition-classification,tfidf & starr,6594
21,1.2093772888183594,0.6352739930152893,1.4770171642303467,0.5384615659713745,1.597845196723938,0.5030674934387207,0.5030674846625767,0.5030674846625767,0.5030674846625767,0.29095448699680676,0.3277834738361054,0.2999672735684032,0.4253816911527933,0.5030674846625767,0.4504115790183465,1,500,300,cosine,0.001,0.99,yonatanlou/BEREL-finetuned-DSS-composition-classification,starr,6594
73,0.9320610761642456,0.6832191944122314,1.6242964267730713,0.5384615659713745,1.5874866247177124,0.5030674934387207,0.5030674846625767,0.5030674846625767,0.5030674846625767,0.4254018998903909,0.35662090833143467,0.3661922317699407,0.5080641859304403,0.5030674846625767,0.48736015292686524,2,500,300,cosine,0.001,0.99,dicta-il/BEREL,tfidf & topic_modeling_nmf,6594
21,1.2071861028671265,0.6369863152503967,1.476888656616211,0.5384615659713745,1.5958845615386963,0.5030674934387207,0.5030674846625767,0.5030674846625767,0.5030674846625767,0.29095448699680676,0.3277834738361054,0.2999672735684032,0.4253816911527933,0.5030674846625767,0.4504115790183465,2,500,300,cosine,0.001,0.99,yonatanlou/BEREL-finetuned-DSS-composition-classification,starr & topic_modeling_nmf,6594
73,0.9320610761642456,0.6832191944122314,1.6242964267730713,0.5384615659713745,1.5874866247177124,0.5030674934387207,0.5030674846625767,0.5030674846625767,0.5030674846625767,0.4254018998903909,0.35662090833143467,0.3661922317699407,0.5080641859304403,0.5030674846625767,0.48736015292686524,2,500,300,cosine,0.001,0.99,dicta-il/BEREL,trigram & topic_modeling_nmf,6594
73,0.9320610761642456,0.6832191944122314,1.6242964267730713,0.5384615659713745,1.5874866247177124,0.5030674934387207,0.5030674846625767,0.5030674846625767,0.5030674846625767,0.4254018998903909,0.35662090833143467,0.3661922317699407,0.5080641859304403,0.5030674846625767,0.48736015292686524,1,500,300,cosine,0.001,0.99,dicta-il/BEREL,topic_modeling_nmf,6594
21,1.2093772888183594,0.6352739930152893,1.4770171642303467,0.5384615659713745,1.597845196723938,0.5030674934387207,0.5030674846625767,0.5030674846625767,0.5030674846625767,0.29095448699680676,0.3277834738361054,0.2999672735684032,0.4253816911527933,0.5030674846625767,0.4504115790183465,2,500,300,cosine,0.001,0.99,yonatanlou/BEREL-finetuned-DSS-composition-classification,trigram & starr,6594
24,1.0794991254806519,0.6900684833526611,1.3883247375488281,0.5384615659713745,1.5645850896835327,0.4969325065612793,0.49693251533742333,0.49693251533742333,0.49693251533742333,0.2781586658486461,0.3078785980101769,0.2854092412106766,0.44269674749645876,0.49693251533742333,0.46138402192648237,2,500,300,cosine,0.001,0.99,yonatanlou/BEREL-finetuned-DSS-composition-classification,BOW-n_gram & topic_modeling_lda,6594
24,1.0794991254806519,0.6900684833526611,1.3883247375488281,0.5384615659713745,1.5645850896835327,0.4969325065612793,0.49693251533742333,0.49693251533742333,0.49693251533742333,0.2781586658486461,0.3078785980101769,0.2854092412106766,0.44269674749645876,0.49693251533742333,0.46138402192648237,2,500,300,cosine,0.001,0.99,yonatanlou/BEREL-finetuned-DSS-composition-classification,trigram & topic_modeling_lda,6594
24,1.0794991254806519,0.6900684833526611,1.3883247375488281,0.5384615659713745,1.5645850896835327,0.4969325065612793,0.49693251533742333,0.49693251533742333,0.49693251533742333,0.2781586658486461,0.3078785980101769,0.2854092412106766,0.44269674749645876,0.49693251533742333,0.46138402192648237,2,500,300,cosine,0.001,0.99,yonatanlou/BEREL-finetuned-DSS-composition-classification,tfidf & topic_modeling_lda,6594
24,1.0794991254806519,0.6900684833526611,1.3883247375488281,0.5384615659713745,1.5645850896835327,0.4969325065612793,0.49693251533742333,0.49693251533742333,0.49693251533742333,0.2781586658486461,0.3078785980101769,0.2854092412106766,0.44269674749645876,0.49693251533742333,0.46138402192648237,1,500,300,cosine,0.001,0.99,yonatanlou/BEREL-finetuned-DSS-composition-classification,topic_modeling_lda,6594
22,1.1764928102493286,0.6438356041908264,1.4198265075683594,0.5230769515037537,1.5550856590270996,0.4907975494861603,0.49079754601226994,0.49079754601226994,0.49079754601227,0.2920701178853353,0.31540385053542946,0.29409011300682236,0.43387545863539456,0.49079754601226994,0.4536378922838418,2,500,300,cosine,0.001,0.99,yonatanlou/BEREL-finetuned-DSS-composition-classification,starr & topic_modeling_lda,6594
